2026-08-22 02:22:55.005791: I tensorflow/core/util/port.cc:113] oneDNN custom operations are on. You may see slightly different numerical results due to floating-point round-off errors from different computation orders. To turn them off, set the environment variable `TF_ENABLE_ONEDNN_OPTS=0`.
WARNING:tensorflow:From C:\Users\bonez\AppData\Local\Programs\Python\Python311\Lib\site-packages\keras\src\losses.py:2976: The name tf.losses.sparse_softmax_cross_entropy is deprecated. Please use tf.compat.v1.losses.sparse_softmax_cross_entropy instead.

[train] 13 classes: ['Healthy Leaf', 'Aphids', 'Armyworm', 'Bollworm', 'Grasshopper', 'Stem Borer', 'Whitefly', 'Leaf Blight', 'Leaf Spot', 'Mosaic Virus', 'Beetle', 'Moth', 'Weevil']
[train] Images per class:
    Healthy Leaf: 85
    Aphids: 100
    Armyworm: 120
    Bollworm: 108
    Grasshopper: 101
    Stem Borer: 108
    Whitefly: 108
    Leaf Blight: 103
    Leaf Spot: 108
    Mosaic Virus: 108
    Beetle: 108
    Moth: 108
    Weevil: 108
Found 1373 files belonging to 13 classes.
Using 1099 files for training.
2026-08-22 02:23:02.453723: I tensorflow/core/platform/cpu_feature_guard.cc:182] This TensorFlow binary is optimized to use available CPU instructions in performance-critical operations.
To enable the following instructions: SSE SSE2 SSE3 SSE4.1 SSE4.2 AVX2 AVX512F AVX512_VNNI FMA, in other operations, rebuild TensorFlow with the appropriate compiler flags.
Found 1373 files belonging to 13 classes.
Using 274 files for validation.
WARNING:tensorflow:From C:\Users\bonez\AppData\Local\Programs\Python\Python311\Lib\site-packages\keras\src\backend.py:873: The name tf.get_default_graph is deprecated. Please use tf.compat.v1.get_default_graph instead.

WARNING:tensorflow:From C:\Users\bonez\AppData\Local\Programs\Python\Python311\Lib\site-packages\keras\src\layers\normalization\batch_normalization.py:979: The name tf.nn.fused_batch_norm is deprecated. Please use tf.compat.v1.nn.fused_batch_norm instead.


[train] Phase 1: training classifier head (MobileNetV2 base frozen)...
Epoch 1/8
WARNING:tensorflow:From C:\Users\bonez\AppData\Local\Programs\Python\Python311\Lib\site-packages\keras\src\utils\tf_utils.py:492: The name tf.ragged.RaggedTensorValue is deprecated. Please use tf.compat.v1.ragged.RaggedTensorValue instead.

WARNING:tensorflow:From C:\Users\bonez\AppData\Local\Programs\Python\Python311\Lib\site-packages\keras\src\engine\base_layer_utils.py:384: The name tf.executing_eagerly_outside_functions is deprecated. Please use tf.compat.v1.executing_eagerly_outside_functions instead.


 1/69 [..............................] - ETA: 4:24 - loss: 3.8777 - accuracy: 0.0625
 2/69 [..............................] - ETA: 11s - loss: 4.0289 - accuracy: 0.0625 
 3/69 [>.............................] - ETA: 11s - loss: 3.9646 - accuracy: 0.0417
 4/69 [>.............................] - ETA: 17s - loss: 3.9288 - accuracy: 0.0469
 5/69 [=>............................] - ETA: 18s - loss: 3.9351 - accuracy: 0.0500
 6/69 [=>............................] - ETA: 18s - loss: 3.8864 - accuracy: 0.0521
 7/69 [==>...........................] - ETA: 18s - loss: 3.9197 - accuracy: 0.0625
 8/69 [==>...........................] - ETA: 18s - loss: 3.7920 - accuracy: 0.0938
 9/69 [==>...........................] - ETA: 18s - loss: 3.7615 - accuracy: 0.0903
10/69 [===>..........................] - ETA: 18s - loss: 3.6842 - accuracy: 0.0938
11/69 [===>..........................] - ETA: 18s - loss: 3.6169 - accuracy: 0.0966
12/69 [====>.........................] - ETA: 17s - loss: 3.5410 - accuracy: 0.1146
13/69 [====>.........................] - ETA: 17s - loss: 3.4656 - accuracy: 0.1346
14/69 [=====>........................] - ETA: 16s - loss: 3.4303 - accuracy: 0.1384
15/69 [=====>........................] - ETA: 16s - loss: 3.4134 - accuracy: 0.1375
16/69 [=====>........................] - ETA: 16s - loss: 3.3822 - accuracy: 0.1406
17/69 [======>.......................] - ETA: 15s - loss: 3.3414 - accuracy: 0.1360
18/69 [======>.......................] - ETA: 15s - loss: 3.3436 - accuracy: 0.1354
19/69 [=======>......................] - ETA: 15s - loss: 3.2997 - accuracy: 0.1349
20/69 [=======>......................] - ETA: 15s - loss: 3.2712 - accuracy: 0.1344
21/69 [========>.....................] - ETA: 14s - loss: 3.2314 - accuracy: 0.1429
22/69 [========>.....................] - ETA: 14s - loss: 3.2228 - accuracy: 0.1449
23/69 [=========>....................] - ETA: 13s - loss: 3.1720 - accuracy: 0.1576
24/69 [=========>....................] - ETA: 13s - loss: 3.1419 - accuracy: 0.1667
25/69 [=========>....................] - ETA: 13s - loss: 3.1090 - accuracy: 0.1800
26/69 [==========>...................] - ETA: 13s - loss: 3.1094 - accuracy: 0.1755
27/69 [==========>...................] - ETA: 12s - loss: 3.0858 - accuracy: 0.1782
28/69 [===========>..................] - ETA: 12s - loss: 3.0633 - accuracy: 0.1786
29/69 [===========>..................] - ETA: 11s - loss: 3.0310 - accuracy: 0.1875
30/69 [============>.................] - ETA: 11s - loss: 3.0098 - accuracy: 0.1917
31/69 [============>.................] - ETA: 11s - loss: 2.9834 - accuracy: 0.1956
32/69 [============>.................] - ETA: 10s - loss: 2.9560 - accuracy: 0.2031
33/69 [=============>................] - ETA: 10s - loss: 2.9343 - accuracy: 0.2083
34/69 [=============>................] - ETA: 10s - loss: 2.9044 - accuracy: 0.2132
35/69 [==============>...............] - ETA: 10s - loss: 2.8754 - accuracy: 0.2214
36/69 [==============>...............] - ETA: 9s - loss: 2.8512 - accuracy: 0.2222 
37/69 [===============>..............] - ETA: 9s - loss: 2.8302 - accuracy: 0.2314
38/69 [===============>..............] - ETA: 9s - loss: 2.8023 - accuracy: 0.2418
39/69 [===============>..............] - ETA: 8s - loss: 2.7918 - accuracy: 0.2420
40/69 [================>.............] - ETA: 8s - loss: 2.7790 - accuracy: 0.2469
41/69 [================>.............] - ETA: 8s - loss: 2.7689 - accuracy: 0.2530
42/69 [=================>............] - ETA: 7s - loss: 2.7637 - accuracy: 0.2530
43/69 [=================>............] - ETA: 7s - loss: 2.7543 - accuracy: 0.2515
44/69 [==================>...........] - ETA: 7s - loss: 2.7466 - accuracy: 0.2472
45/69 [==================>...........] - ETA: 7s - loss: 2.7370 - accuracy: 0.2486
46/69 [===================>..........] - ETA: 6s - loss: 2.7168 - accuracy: 0.2541
47/69 [===================>..........] - ETA: 6s - loss: 2.6913 - accuracy: 0.2606
48/69 [===================>..........] - ETA: 6s - loss: 2.6691 - accuracy: 0.2669
49/69 [====================>.........] - ETA: 5s - loss: 2.6548 - accuracy: 0.2704
50/69 [====================>.........] - ETA: 5s - loss: 2.6490 - accuracy: 0.2713
51/69 [=====================>........] - ETA: 5s - loss: 2.6272 - accuracy: 0.2745
52/69 [=====================>........] - ETA: 4s - loss: 2.6058 - accuracy: 0.2800
53/69 [======================>.......] - ETA: 4s - loss: 2.5930 - accuracy: 0.2818
54/69 [======================>.......] - ETA: 4s - loss: 2.5775 - accuracy: 0.2882
55/69 [======================>.......] - ETA: 4s - loss: 2.5634 - accuracy: 0.2898
56/69 [=======================>......] - ETA: 3s - loss: 2.5516 - accuracy: 0.2902
57/69 [=======================>......] - ETA: 3s - loss: 2.5391 - accuracy: 0.2939
58/69 [========================>.....] - ETA: 3s - loss: 2.5227 - accuracy: 0.2953
59/69 [========================>.....] - ETA: 2s - loss: 2.5049 - accuracy: 0.2998
60/69 [=========================>....] - ETA: 2s - loss: 2.4976 - accuracy: 0.3010
61/69 [=========================>....] - ETA: 2s - loss: 2.4875 - accuracy: 0.3033
62/69 [=========================>....] - ETA: 2s - loss: 2.4672 - accuracy: 0.3095
63/69 [==========================>...] - ETA: 1s - loss: 2.4589 - accuracy: 0.3115
64/69 [==========================>...] - ETA: 1s - loss: 2.4501 - accuracy: 0.3125
65/69 [===========================>..] - ETA: 1s - loss: 2.4361 - accuracy: 0.3163
66/69 [===========================>..] - ETA: 0s - loss: 2.4215 - accuracy: 0.3191
67/69 [============================>.] - ETA: 0s - loss: 2.4073 - accuracy: 0.3228
68/69 [============================>.] - ETA: 0s - loss: 2.3952 - accuracy: 0.3263
69/69 [==============================] - ETA: 0s - loss: 2.3846 - accuracy: 0.3294
69/69 [==============================] - 27s 339ms/step - loss: 2.3846 - accuracy: 0.3294 - val_loss: 1.0703 - val_accuracy: 0.7044
Epoch 2/8

 1/69 [..............................] - ETA: 36s - loss: 1.5115 - accuracy: 0.5000
 2/69 [..............................] - ETA: 18s - loss: 1.3789 - accuracy: 0.5938
 3/69 [>.............................] - ETA: 17s - loss: 1.3107 - accuracy: 0.6042
 4/69 [>.............................] - ETA: 17s - loss: 1.3314 - accuracy: 0.5938
 5/69 [=>............................] - ETA: 17s - loss: 1.3190 - accuracy: 0.5875
 6/69 [=>............................] - ETA: 17s - loss: 1.2642 - accuracy: 0.6042
 7/69 [==>...........................] - ETA: 16s - loss: 1.2382 - accuracy: 0.6250
 8/69 [==>...........................] - ETA: 16s - loss: 1.2162 - accuracy: 0.6328
 9/69 [==>...........................] - ETA: 16s - loss: 1.1840 - accuracy: 0.6528
10/69 [===>..........................] - ETA: 16s - loss: 1.1842 - accuracy: 0.6625
11/69 [===>..........................] - ETA: 16s - loss: 1.1692 - accuracy: 0.6705
12/69 [====>.........................] - ETA: 15s - loss: 1.2201 - accuracy: 0.6562
13/69 [====>.........................] - ETA: 15s - loss: 1.2326 - accuracy: 0.6538
14/69 [=====>........................] - ETA: 15s - loss: 1.2174 - accuracy: 0.6562
15/69 [=====>........................] - ETA: 15s - loss: 1.2484 - accuracy: 0.6500
16/69 [=====>........................] - ETA: 14s - loss: 1.2363 - accuracy: 0.6641
17/69 [======>.......................] - ETA: 14s - loss: 1.2374 - accuracy: 0.6691
18/69 [======>.......................] - ETA: 14s - loss: 1.2255 - accuracy: 0.6736
19/69 [=======>......................] - ETA: 14s - loss: 1.2020 - accuracy: 0.6743
20/69 [=======>......................] - ETA: 13s - loss: 1.2204 - accuracy: 0.6719
21/69 [========>.....................] - ETA: 13s - loss: 1.2243 - accuracy: 0.6696
22/69 [========>.....................] - ETA: 13s - loss: 1.2207 - accuracy: 0.6676
23/69 [=========>....................] - ETA: 12s - loss: 1.2051 - accuracy: 0.6739
24/69 [=========>....................] - ETA: 12s - loss: 1.2226 - accuracy: 0.6693
25/69 [=========>....................] - ETA: 12s - loss: 1.2260 - accuracy: 0.6625
26/69 [==========>...................] - ETA: 11s - loss: 1.2316 - accuracy: 0.6587
27/69 [==========>...................] - ETA: 11s - loss: 1.2327 - accuracy: 0.6620
28/69 [===========>..................] - ETA: 11s - loss: 1.2121 - accuracy: 0.6719
29/69 [===========>..................] - ETA: 11s - loss: 1.2210 - accuracy: 0.6681
30/69 [============>.................] - ETA: 10s - loss: 1.2219 - accuracy: 0.6667
31/69 [============>.................] - ETA: 10s - loss: 1.2183 - accuracy: 0.6694
32/69 [============>.................] - ETA: 10s - loss: 1.2147 - accuracy: 0.6699
33/69 [=============>................] - ETA: 9s - loss: 1.2061 - accuracy: 0.6723 
34/69 [=============>................] - ETA: 9s - loss: 1.2011 - accuracy: 0.6728
35/69 [==============>...............] - ETA: 9s - loss: 1.2001 - accuracy: 0.6714
36/69 [==============>...............] - ETA: 9s - loss: 1.2048 - accuracy: 0.6701
37/69 [===============>..............] - ETA: 8s - loss: 1.1986 - accuracy: 0.6740
38/69 [===============>..............] - ETA: 8s - loss: 1.1861 - accuracy: 0.6793
39/69 [===============>..............] - ETA: 8s - loss: 1.1765 - accuracy: 0.6811
40/69 [================>.............] - ETA: 8s - loss: 1.1647 - accuracy: 0.6844
41/69 [================>.............] - ETA: 7s - loss: 1.1618 - accuracy: 0.6860
42/69 [=================>............] - ETA: 7s - loss: 1.1575 - accuracy: 0.6875
43/69 [=================>............] - ETA: 7s - loss: 1.1585 - accuracy: 0.6875
44/69 [==================>...........] - ETA: 6s - loss: 1.1482 - accuracy: 0.6918
45/69 [==================>...........] - ETA: 6s - loss: 1.1419 - accuracy: 0.6944
46/69 [===================>..........] - ETA: 6s - loss: 1.1397 - accuracy: 0.6957
47/69 [===================>..........] - ETA: 6s - loss: 1.1515 - accuracy: 0.6928
48/69 [===================>..........] - ETA: 5s - loss: 1.1532 - accuracy: 0.6914
49/69 [====================>.........] - ETA: 5s - loss: 1.1516 - accuracy: 0.6888
50/69 [====================>.........] - ETA: 5s - loss: 1.1455 - accuracy: 0.6913
51/69 [=====================>........] - ETA: 4s - loss: 1.1495 - accuracy: 0.6875
52/69 [=====================>........] - ETA: 4s - loss: 1.1455 - accuracy: 0.6887
53/69 [======================>.......] - ETA: 4s - loss: 1.1533 - accuracy: 0.6851
54/69 [======================>.......] - ETA: 4s - loss: 1.1578 - accuracy: 0.6829
55/69 [======================>.......] - ETA: 3s - loss: 1.1495 - accuracy: 0.6830
56/69 [=======================>......] - ETA: 3s - loss: 1.1550 - accuracy: 0.6797
57/69 [=======================>......] - ETA: 3s - loss: 1.1493 - accuracy: 0.6820
58/69 [========================>.....] - ETA: 3s - loss: 1.1498 - accuracy: 0.6832
59/69 [========================>.....] - ETA: 2s - loss: 1.1529 - accuracy: 0.6811
60/69 [=========================>....] - ETA: 2s - loss: 1.1456 - accuracy: 0.6833
61/69 [=========================>....] - ETA: 2s - loss: 1.1381 - accuracy: 0.6855
62/69 [=========================>....] - ETA: 1s - loss: 1.1349 - accuracy: 0.6855
63/69 [==========================>...] - ETA: 1s - loss: 1.1261 - accuracy: 0.6885
64/69 [==========================>...] - ETA: 1s - loss: 1.1258 - accuracy: 0.6895
65/69 [===========================>..] - ETA: 1s - loss: 1.1206 - accuracy: 0.6894
66/69 [===========================>..] - ETA: 0s - loss: 1.1157 - accuracy: 0.6913
67/69 [============================>.] - ETA: 0s - loss: 1.1118 - accuracy: 0.6931
68/69 [============================>.] - ETA: 0s - loss: 1.1056 - accuracy: 0.6930
69/69 [==============================] - ETA: 0s - loss: 1.1062 - accuracy: 0.6924
69/69 [==============================] - 21s 301ms/step - loss: 1.1062 - accuracy: 0.6924 - val_loss: 0.7279 - val_accuracy: 0.7993
Epoch 3/8

 1/69 [..............................] - ETA: 26s - loss: 0.7055 - accuracy: 0.8125
 2/69 [..............................] - ETA: 16s - loss: 0.6909 - accuracy: 0.8438
 3/69 [>.............................] - ETA: 15s - loss: 0.7075 - accuracy: 0.8125
 4/69 [>.............................] - ETA: 15s - loss: 0.9613 - accuracy: 0.7188
 5/69 [=>............................] - ETA: 15s - loss: 0.9315 - accuracy: 0.7125
 6/69 [=>............................] - ETA: 14s - loss: 1.0033 - accuracy: 0.6771
 7/69 [==>...........................] - ETA: 14s - loss: 0.9831 - accuracy: 0.6875
 8/69 [==>...........................] - ETA: 14s - loss: 0.9741 - accuracy: 0.6875
 9/69 [==>...........................] - ETA: 14s - loss: 0.9370 - accuracy: 0.6944
10/69 [===>..........................] - ETA: 13s - loss: 0.9876 - accuracy: 0.6875
11/69 [===>..........................] - ETA: 13s - loss: 0.9617 - accuracy: 0.6932
12/69 [====>.........................] - ETA: 13s - loss: 0.9465 - accuracy: 0.6979
13/69 [====>.........................] - ETA: 13s - loss: 0.9515 - accuracy: 0.6923
14/69 [=====>........................] - ETA: 13s - loss: 0.9446 - accuracy: 0.7009
15/69 [=====>........................] - ETA: 12s - loss: 0.9121 - accuracy: 0.7167
16/69 [=====>........................] - ETA: 12s - loss: 0.9146 - accuracy: 0.7148
17/69 [======>.......................] - ETA: 12s - loss: 0.9078 - accuracy: 0.7169
18/69 [======>.......................] - ETA: 12s - loss: 0.9349 - accuracy: 0.7118
19/69 [=======>......................] - ETA: 11s - loss: 0.9470 - accuracy: 0.7138
20/69 [=======>......................] - ETA: 11s - loss: 0.9659 - accuracy: 0.7094
21/69 [========>.....................] - ETA: 11s - loss: 0.9524 - accuracy: 0.7143
22/69 [========>.....................] - ETA: 11s - loss: 0.9468 - accuracy: 0.7188
23/69 [=========>....................] - ETA: 10s - loss: 0.9279 - accuracy: 0.7283
24/69 [=========>....................] - ETA: 10s - loss: 0.9259 - accuracy: 0.7292
25/69 [=========>....................] - ETA: 10s - loss: 0.9275 - accuracy: 0.7250
26/69 [==========>...................] - ETA: 10s - loss: 0.9309 - accuracy: 0.7212
27/69 [==========>...................] - ETA: 9s - loss: 0.9337 - accuracy: 0.7199 
28/69 [===========>..................] - ETA: 9s - loss: 0.9201 - accuracy: 0.7254
29/69 [===========>..................] - ETA: 9s - loss: 0.9156 - accuracy: 0.7241
30/69 [============>.................] - ETA: 9s - loss: 0.9212 - accuracy: 0.7250
31/69 [============>.................] - ETA: 9s - loss: 0.9298 - accuracy: 0.7238
32/69 [============>.................] - ETA: 8s - loss: 0.9222 - accuracy: 0.7266
33/69 [=============>................] - ETA: 8s - loss: 0.9322 - accuracy: 0.7216
34/69 [=============>................] - ETA: 8s - loss: 0.9162 - accuracy: 0.7279
35/69 [==============>...............] - ETA: 8s - loss: 0.9081 - accuracy: 0.7304
36/69 [==============>...............] - ETA: 7s - loss: 0.9005 - accuracy: 0.7344
37/69 [===============>..............] - ETA: 7s - loss: 0.8928 - accuracy: 0.7382
38/69 [===============>..............] - ETA: 7s - loss: 0.8892 - accuracy: 0.7418
39/69 [===============>..............] - ETA: 7s - loss: 0.8957 - accuracy: 0.7420
40/69 [================>.............] - ETA: 6s - loss: 0.8924 - accuracy: 0.7453
41/69 [================>.............] - ETA: 6s - loss: 0.8836 - accuracy: 0.7485
42/69 [=================>............] - ETA: 6s - loss: 0.8954 - accuracy: 0.7426
43/69 [=================>............] - ETA: 6s - loss: 0.8967 - accuracy: 0.7413
44/69 [==================>...........] - ETA: 6s - loss: 0.8885 - accuracy: 0.7457
45/69 [==================>...........] - ETA: 5s - loss: 0.8830 - accuracy: 0.7486
46/69 [===================>..........] - ETA: 5s - loss: 0.8877 - accuracy: 0.7473
47/69 [===================>..........] - ETA: 5s - loss: 0.8858 - accuracy: 0.7500
48/69 [===================>..........] - ETA: 5s - loss: 0.8886 - accuracy: 0.7487
49/69 [====================>.........] - ETA: 4s - loss: 0.8850 - accuracy: 0.7487
50/69 [====================>.........] - ETA: 4s - loss: 0.8796 - accuracy: 0.7487
51/69 [=====================>........] - ETA: 4s - loss: 0.8885 - accuracy: 0.7451
52/69 [=====================>........] - ETA: 4s - loss: 0.8892 - accuracy: 0.7464
53/69 [======================>.......] - ETA: 4s - loss: 0.8895 - accuracy: 0.7465
54/69 [======================>.......] - ETA: 3s - loss: 0.8888 - accuracy: 0.7477
55/69 [======================>.......] - ETA: 3s - loss: 0.8871 - accuracy: 0.7489
56/69 [=======================>......] - ETA: 3s - loss: 0.8859 - accuracy: 0.7511
57/69 [=======================>......] - ETA: 3s - loss: 0.8849 - accuracy: 0.7522
58/69 [========================>.....] - ETA: 2s - loss: 0.8817 - accuracy: 0.7543
59/69 [========================>.....] - ETA: 2s - loss: 0.8820 - accuracy: 0.7532
60/69 [=========================>....] - ETA: 2s - loss: 0.8818 - accuracy: 0.7531
61/69 [=========================>....] - ETA: 2s - loss: 0.8793 - accuracy: 0.7510
62/69 [=========================>....] - ETA: 1s - loss: 0.8788 - accuracy: 0.7500
63/69 [==========================>...] - ETA: 1s - loss: 0.8786 - accuracy: 0.7500
64/69 [==========================>...] - ETA: 1s - loss: 0.8741 - accuracy: 0.7510
65/69 [===========================>..] - ETA: 1s - loss: 0.8699 - accuracy: 0.7519
66/69 [===========================>..] - ETA: 0s - loss: 0.8705 - accuracy: 0.7509
67/69 [============================>.] - ETA: 0s - loss: 0.8655 - accuracy: 0.7528
68/69 [============================>.] - ETA: 0s - loss: 0.8635 - accuracy: 0.7537
69/69 [==============================] - ETA: 0s - loss: 0.8599 - accuracy: 0.7552
69/69 [==============================] - 20s 287ms/step - loss: 0.8599 - accuracy: 0.7552 - val_loss: 0.5735 - val_accuracy: 0.8358
Epoch 4/8

 1/69 [..............................] - ETA: 27s - loss: 0.4472 - accuracy: 0.9375
 2/69 [..............................] - ETA: 16s - loss: 0.6001 - accuracy: 0.8438
 3/69 [>.............................] - ETA: 16s - loss: 0.6223 - accuracy: 0.8542
 4/69 [>.............................] - ETA: 15s - loss: 0.6265 - accuracy: 0.8438
 5/69 [=>............................] - ETA: 15s - loss: 0.6255 - accuracy: 0.8375
 6/69 [=>............................] - ETA: 15s - loss: 0.6397 - accuracy: 0.8333
 7/69 [==>...........................] - ETA: 15s - loss: 0.6783 - accuracy: 0.8214
 8/69 [==>...........................] - ETA: 14s - loss: 0.6693 - accuracy: 0.8281
 9/69 [==>...........................] - ETA: 14s - loss: 0.6787 - accuracy: 0.8264
10/69 [===>..........................] - ETA: 14s - loss: 0.6846 - accuracy: 0.8125
11/69 [===>..........................] - ETA: 14s - loss: 0.7201 - accuracy: 0.8068
12/69 [====>.........................] - ETA: 13s - loss: 0.7112 - accuracy: 0.8125
13/69 [====>.........................] - ETA: 13s - loss: 0.7328 - accuracy: 0.8077
14/69 [=====>........................] - ETA: 13s - loss: 0.7467 - accuracy: 0.7991
15/69 [=====>........................] - ETA: 13s - loss: 0.7276 - accuracy: 0.8042
16/69 [=====>........................] - ETA: 13s - loss: 0.7392 - accuracy: 0.8008
17/69 [======>.......................] - ETA: 12s - loss: 0.7480 - accuracy: 0.7978
18/69 [======>.......................] - ETA: 12s - loss: 0.7255 - accuracy: 0.8056
19/69 [=======>......................] - ETA: 12s - loss: 0.7304 - accuracy: 0.7993
20/69 [=======>......................] - ETA: 11s - loss: 0.7094 - accuracy: 0.8062
21/69 [========>.....................] - ETA: 11s - loss: 0.7127 - accuracy: 0.8095
22/69 [========>.....................] - ETA: 11s - loss: 0.7047 - accuracy: 0.8125
23/69 [=========>....................] - ETA: 11s - loss: 0.7122 - accuracy: 0.8043
24/69 [=========>....................] - ETA: 10s - loss: 0.7217 - accuracy: 0.7969
25/69 [=========>....................] - ETA: 10s - loss: 0.7310 - accuracy: 0.7975
26/69 [==========>...................] - ETA: 10s - loss: 0.7132 - accuracy: 0.8053
27/69 [==========>...................] - ETA: 10s - loss: 0.7090 - accuracy: 0.8056
28/69 [===========>..................] - ETA: 9s - loss: 0.7091 - accuracy: 0.8036 
29/69 [===========>..................] - ETA: 9s - loss: 0.7111 - accuracy: 0.8039
30/69 [============>.................] - ETA: 9s - loss: 0.7059 - accuracy: 0.8062
31/69 [============>.................] - ETA: 8s - loss: 0.7036 - accuracy: 0.8065
32/69 [============>.................] - ETA: 8s - loss: 0.7003 - accuracy: 0.8047
33/69 [=============>................] - ETA: 8s - loss: 0.6946 - accuracy: 0.8068
34/69 [=============>................] - ETA: 8s - loss: 0.6926 - accuracy: 0.8088
35/69 [==============>...............] - ETA: 7s - loss: 0.6828 - accuracy: 0.8125
36/69 [==============>...............] - ETA: 7s - loss: 0.6875 - accuracy: 0.8108
37/69 [===============>..............] - ETA: 7s - loss: 0.6926 - accuracy: 0.8108
38/69 [===============>..............] - ETA: 7s - loss: 0.6949 - accuracy: 0.8109
39/69 [===============>..............] - ETA: 7s - loss: 0.6916 - accuracy: 0.8109
40/69 [================>.............] - ETA: 6s - loss: 0.6851 - accuracy: 0.8141
41/69 [================>.............] - ETA: 6s - loss: 0.6820 - accuracy: 0.8155
42/69 [=================>............] - ETA: 6s - loss: 0.6773 - accuracy: 0.8185
43/69 [=================>............] - ETA: 6s - loss: 0.6814 - accuracy: 0.8169
44/69 [==================>...........] - ETA: 5s - loss: 0.6814 - accuracy: 0.8153
45/69 [==================>...........] - ETA: 5s - loss: 0.6744 - accuracy: 0.8167
46/69 [===================>..........] - ETA: 5s - loss: 0.6803 - accuracy: 0.8139
47/69 [===================>..........] - ETA: 5s - loss: 0.6739 - accuracy: 0.8165
48/69 [===================>..........] - ETA: 4s - loss: 0.6687 - accuracy: 0.8177
49/69 [====================>.........] - ETA: 4s - loss: 0.6711 - accuracy: 0.8163
50/69 [====================>.........] - ETA: 4s - loss: 0.6700 - accuracy: 0.8163
51/69 [=====================>........] - ETA: 4s - loss: 0.6706 - accuracy: 0.8162
52/69 [=====================>........] - ETA: 3s - loss: 0.6644 - accuracy: 0.8185
53/69 [======================>.......] - ETA: 3s - loss: 0.6696 - accuracy: 0.8149
54/69 [======================>.......] - ETA: 3s - loss: 0.6728 - accuracy: 0.8148
55/69 [======================>.......] - ETA: 3s - loss: 0.6745 - accuracy: 0.8148
56/69 [=======================>......] - ETA: 3s - loss: 0.6765 - accuracy: 0.8136
57/69 [=======================>......] - ETA: 2s - loss: 0.6765 - accuracy: 0.8136
58/69 [========================>.....] - ETA: 2s - loss: 0.6698 - accuracy: 0.8168
59/69 [========================>.....] - ETA: 2s - loss: 0.6719 - accuracy: 0.8157
60/69 [=========================>....] - ETA: 2s - loss: 0.6763 - accuracy: 0.8135
61/69 [=========================>....] - ETA: 1s - loss: 0.6809 - accuracy: 0.8105
62/69 [=========================>....] - ETA: 1s - loss: 0.6740 - accuracy: 0.8125
63/69 [==========================>...] - ETA: 1s - loss: 0.6741 - accuracy: 0.8115
64/69 [==========================>...] - ETA: 1s - loss: 0.6728 - accuracy: 0.8135
65/69 [===========================>..] - ETA: 0s - loss: 0.6684 - accuracy: 0.8154
66/69 [===========================>..] - ETA: 0s - loss: 0.6679 - accuracy: 0.8153
67/69 [============================>.] - ETA: 0s - loss: 0.6645 - accuracy: 0.8162
68/69 [============================>.] - ETA: 0s - loss: 0.6621 - accuracy: 0.8171
69/69 [==============================] - ETA: 0s - loss: 0.6608 - accuracy: 0.8189
69/69 [==============================] - 18s 263ms/step - loss: 0.6608 - accuracy: 0.8189 - val_loss: 0.5062 - val_accuracy: 0.8613
Epoch 5/8

 1/69 [..............................] - ETA: 25s - loss: 0.7737 - accuracy: 0.6250
 2/69 [..............................] - ETA: 15s - loss: 0.5858 - accuracy: 0.7812
 3/69 [>.............................] - ETA: 16s - loss: 0.5936 - accuracy: 0.8125
 4/69 [>.............................] - ETA: 16s - loss: 0.5683 - accuracy: 0.8438
 5/69 [=>............................] - ETA: 15s - loss: 0.5962 - accuracy: 0.8500
 6/69 [=>............................] - ETA: 15s - loss: 0.6558 - accuracy: 0.8333
 7/69 [==>...........................] - ETA: 15s - loss: 0.6767 - accuracy: 0.8393
 8/69 [==>...........................] - ETA: 15s - loss: 0.6432 - accuracy: 0.8516
 9/69 [==>...........................] - ETA: 14s - loss: 0.6205 - accuracy: 0.8542
10/69 [===>..........................] - ETA: 14s - loss: 0.6018 - accuracy: 0.8562
11/69 [===>..........................] - ETA: 14s - loss: 0.5900 - accuracy: 0.8523
12/69 [====>.........................] - ETA: 14s - loss: 0.5917 - accuracy: 0.8490
13/69 [====>.........................] - ETA: 13s - loss: 0.5912 - accuracy: 0.8558
14/69 [=====>........................] - ETA: 13s - loss: 0.5832 - accuracy: 0.8616
15/69 [=====>........................] - ETA: 13s - loss: 0.5689 - accuracy: 0.8667
16/69 [=====>........................] - ETA: 13s - loss: 0.5700 - accuracy: 0.8633
17/69 [======>.......................] - ETA: 12s - loss: 0.5781 - accuracy: 0.8603
18/69 [======>.......................] - ETA: 12s - loss: 0.6041 - accuracy: 0.8542
19/69 [=======>......................] - ETA: 12s - loss: 0.6082 - accuracy: 0.8520
20/69 [=======>......................] - ETA: 12s - loss: 0.6154 - accuracy: 0.8500
21/69 [========>.....................] - ETA: 11s - loss: 0.6026 - accuracy: 0.8542
22/69 [========>.....................] - ETA: 11s - loss: 0.5997 - accuracy: 0.8551
23/69 [=========>....................] - ETA: 11s - loss: 0.6151 - accuracy: 0.8533
24/69 [=========>....................] - ETA: 11s - loss: 0.6132 - accuracy: 0.8568
25/69 [=========>....................] - ETA: 10s - loss: 0.6069 - accuracy: 0.8575
26/69 [==========>...................] - ETA: 10s - loss: 0.6061 - accuracy: 0.8582
27/69 [==========>...................] - ETA: 10s - loss: 0.5976 - accuracy: 0.8588
28/69 [===========>..................] - ETA: 10s - loss: 0.6169 - accuracy: 0.8527
29/69 [===========>..................] - ETA: 9s - loss: 0.6233 - accuracy: 0.8534 
30/69 [============>.................] - ETA: 9s - loss: 0.6176 - accuracy: 0.8542
31/69 [============>.................] - ETA: 9s - loss: 0.6157 - accuracy: 0.8569
32/69 [============>.................] - ETA: 9s - loss: 0.6063 - accuracy: 0.8594
33/69 [=============>................] - ETA: 8s - loss: 0.6037 - accuracy: 0.8598
34/69 [=============>................] - ETA: 8s - loss: 0.6034 - accuracy: 0.8585
35/69 [==============>...............] - ETA: 8s - loss: 0.6043 - accuracy: 0.8571
36/69 [==============>...............] - ETA: 8s - loss: 0.5980 - accuracy: 0.8576
37/69 [===============>..............] - ETA: 7s - loss: 0.5991 - accuracy: 0.8547
38/69 [===============>..............] - ETA: 7s - loss: 0.5951 - accuracy: 0.8553
39/69 [===============>..............] - ETA: 7s - loss: 0.5908 - accuracy: 0.8558
40/69 [================>.............] - ETA: 7s - loss: 0.5869 - accuracy: 0.8562
41/69 [================>.............] - ETA: 6s - loss: 0.5821 - accuracy: 0.8567
42/69 [=================>............] - ETA: 6s - loss: 0.5785 - accuracy: 0.8586
43/69 [=================>............] - ETA: 6s - loss: 0.5766 - accuracy: 0.8590
44/69 [==================>...........] - ETA: 6s - loss: 0.5793 - accuracy: 0.8594
45/69 [==================>...........] - ETA: 5s - loss: 0.5793 - accuracy: 0.8611
46/69 [===================>..........] - ETA: 5s - loss: 0.5757 - accuracy: 0.8628
47/69 [===================>..........] - ETA: 5s - loss: 0.5762 - accuracy: 0.8604
48/69 [===================>..........] - ETA: 5s - loss: 0.5730 - accuracy: 0.8620
49/69 [====================>.........] - ETA: 4s - loss: 0.5785 - accuracy: 0.8584
50/69 [====================>.........] - ETA: 4s - loss: 0.5768 - accuracy: 0.8562
51/69 [=====================>........] - ETA: 4s - loss: 0.5755 - accuracy: 0.8566
52/69 [=====================>........] - ETA: 4s - loss: 0.5740 - accuracy: 0.8558
53/69 [======================>.......] - ETA: 3s - loss: 0.5699 - accuracy: 0.8573
54/69 [======================>.......] - ETA: 3s - loss: 0.5713 - accuracy: 0.8588
55/69 [======================>.......] - ETA: 3s - loss: 0.5739 - accuracy: 0.8580
56/69 [=======================>......] - ETA: 3s - loss: 0.5756 - accuracy: 0.8571
57/69 [=======================>......] - ETA: 2s - loss: 0.5748 - accuracy: 0.8575
58/69 [========================>.....] - ETA: 2s - loss: 0.5704 - accuracy: 0.8599
59/69 [========================>.....] - ETA: 2s - loss: 0.5758 - accuracy: 0.8581
60/69 [=========================>....] - ETA: 2s - loss: 0.5751 - accuracy: 0.8573
61/69 [=========================>....] - ETA: 1s - loss: 0.5747 - accuracy: 0.8566
62/69 [=========================>....] - ETA: 1s - loss: 0.5711 - accuracy: 0.8589
63/69 [==========================>...] - ETA: 1s - loss: 0.5690 - accuracy: 0.8601
64/69 [==========================>...] - ETA: 1s - loss: 0.5695 - accuracy: 0.8604
65/69 [===========================>..] - ETA: 0s - loss: 0.5663 - accuracy: 0.8615
66/69 [===========================>..] - ETA: 0s - loss: 0.5744 - accuracy: 0.8598
67/69 [============================>.] - ETA: 0s - loss: 0.5701 - accuracy: 0.8610
68/69 [============================>.] - ETA: 0s - loss: 0.5683 - accuracy: 0.8603
69/69 [==============================] - ETA: 0s - loss: 0.5683 - accuracy: 0.8608
69/69 [==============================] - 19s 277ms/step - loss: 0.5683 - accuracy: 0.8608 - val_loss: 0.4702 - val_accuracy: 0.8796
Epoch 6/8

 1/69 [..............................] - ETA: 25s - loss: 0.4535 - accuracy: 0.8750
 2/69 [..............................] - ETA: 14s - loss: 0.5066 - accuracy: 0.8438
 3/69 [>.............................] - ETA: 14s - loss: 0.4420 - accuracy: 0.8750
 4/69 [>.............................] - ETA: 14s - loss: 0.5651 - accuracy: 0.8281
 5/69 [=>............................] - ETA: 14s - loss: 0.5128 - accuracy: 0.8500
 6/69 [=>............................] - ETA: 14s - loss: 0.4959 - accuracy: 0.8646
 7/69 [==>...........................] - ETA: 13s - loss: 0.5349 - accuracy: 0.8571
 8/69 [==>...........................] - ETA: 13s - loss: 0.4990 - accuracy: 0.8672
 9/69 [==>...........................] - ETA: 13s - loss: 0.5103 - accuracy: 0.8611
10/69 [===>..........................] - ETA: 13s - loss: 0.5341 - accuracy: 0.8625
11/69 [===>..........................] - ETA: 13s - loss: 0.5168 - accuracy: 0.8693
12/69 [====>.........................] - ETA: 12s - loss: 0.4942 - accuracy: 0.8750
13/69 [====>.........................] - ETA: 12s - loss: 0.4775 - accuracy: 0.8798
14/69 [=====>........................] - ETA: 12s - loss: 0.4786 - accuracy: 0.8795
15/69 [=====>........................] - ETA: 12s - loss: 0.4952 - accuracy: 0.8750
16/69 [=====>........................] - ETA: 12s - loss: 0.4802 - accuracy: 0.8828
17/69 [======>.......................] - ETA: 12s - loss: 0.4891 - accuracy: 0.8824
18/69 [======>.......................] - ETA: 11s - loss: 0.5088 - accuracy: 0.8715
19/69 [=======>......................] - ETA: 11s - loss: 0.5014 - accuracy: 0.8750
20/69 [=======>......................] - ETA: 11s - loss: 0.4853 - accuracy: 0.8813
21/69 [========>.....................] - ETA: 11s - loss: 0.4951 - accuracy: 0.8780
22/69 [========>.....................] - ETA: 11s - loss: 0.4984 - accuracy: 0.8750
23/69 [=========>....................] - ETA: 11s - loss: 0.4925 - accuracy: 0.8777
24/69 [=========>....................] - ETA: 10s - loss: 0.4905 - accuracy: 0.8750
25/69 [=========>....................] - ETA: 10s - loss: 0.4798 - accuracy: 0.8775
26/69 [==========>...................] - ETA: 10s - loss: 0.4789 - accuracy: 0.8774
27/69 [==========>...................] - ETA: 10s - loss: 0.4789 - accuracy: 0.8796
28/69 [===========>..................] - ETA: 9s - loss: 0.4935 - accuracy: 0.8772 
29/69 [===========>..................] - ETA: 9s - loss: 0.4883 - accuracy: 0.8793
30/69 [============>.................] - ETA: 9s - loss: 0.5041 - accuracy: 0.8771
31/69 [============>.................] - ETA: 9s - loss: 0.5109 - accuracy: 0.8730
32/69 [============>.................] - ETA: 8s - loss: 0.5056 - accuracy: 0.8750
33/69 [=============>................] - ETA: 8s - loss: 0.5101 - accuracy: 0.8731
34/69 [=============>................] - ETA: 8s - loss: 0.5103 - accuracy: 0.8750
35/69 [==============>...............] - ETA: 8s - loss: 0.5073 - accuracy: 0.8786
36/69 [==============>...............] - ETA: 8s - loss: 0.5111 - accuracy: 0.8750
37/69 [===============>..............] - ETA: 7s - loss: 0.5200 - accuracy: 0.8716
38/69 [===============>..............] - ETA: 7s - loss: 0.5200 - accuracy: 0.8684
39/69 [===============>..............] - ETA: 7s - loss: 0.5225 - accuracy: 0.8702
40/69 [================>.............] - ETA: 7s - loss: 0.5214 - accuracy: 0.8672
41/69 [================>.............] - ETA: 6s - loss: 0.5274 - accuracy: 0.8643
42/69 [=================>............] - ETA: 6s - loss: 0.5246 - accuracy: 0.8661
43/69 [=================>............] - ETA: 6s - loss: 0.5209 - accuracy: 0.8677
44/69 [==================>...........] - ETA: 6s - loss: 0.5186 - accuracy: 0.8679
45/69 [==================>...........] - ETA: 5s - loss: 0.5167 - accuracy: 0.8694
46/69 [===================>..........] - ETA: 5s - loss: 0.5148 - accuracy: 0.8709
47/69 [===================>..........] - ETA: 5s - loss: 0.5160 - accuracy: 0.8710
48/69 [===================>..........] - ETA: 5s - loss: 0.5144 - accuracy: 0.8698
49/69 [====================>.........] - ETA: 4s - loss: 0.5149 - accuracy: 0.8661
50/69 [====================>.........] - ETA: 4s - loss: 0.5156 - accuracy: 0.8650
51/69 [=====================>........] - ETA: 4s - loss: 0.5113 - accuracy: 0.8676
52/69 [=====================>........] - ETA: 4s - loss: 0.5068 - accuracy: 0.8690
53/69 [======================>.......] - ETA: 3s - loss: 0.5043 - accuracy: 0.8691
54/69 [======================>.......] - ETA: 3s - loss: 0.5047 - accuracy: 0.8681
55/69 [======================>.......] - ETA: 3s - loss: 0.4982 - accuracy: 0.8705
56/69 [=======================>......] - ETA: 3s - loss: 0.4958 - accuracy: 0.8717
57/69 [=======================>......] - ETA: 2s - loss: 0.4910 - accuracy: 0.8728
58/69 [========================>.....] - ETA: 2s - loss: 0.4925 - accuracy: 0.8728
59/69 [========================>.....] - ETA: 2s - loss: 0.4955 - accuracy: 0.8708
60/69 [=========================>....] - ETA: 2s - loss: 0.4958 - accuracy: 0.8719
61/69 [=========================>....] - ETA: 1s - loss: 0.4978 - accuracy: 0.8709
62/69 [=========================>....] - ETA: 1s - loss: 0.4953 - accuracy: 0.8710
63/69 [==========================>...] - ETA: 1s - loss: 0.4957 - accuracy: 0.8710
64/69 [==========================>...] - ETA: 1s - loss: 0.4929 - accuracy: 0.8721
65/69 [===========================>..] - ETA: 0s - loss: 0.4925 - accuracy: 0.8731
66/69 [===========================>..] - ETA: 0s - loss: 0.4883 - accuracy: 0.8750
67/69 [============================>.] - ETA: 0s - loss: 0.4868 - accuracy: 0.8750
68/69 [============================>.] - ETA: 0s - loss: 0.4878 - accuracy: 0.8741
69/69 [==============================] - ETA: 0s - loss: 0.4886 - accuracy: 0.8744
69/69 [==============================] - 19s 279ms/step - loss: 0.4886 - accuracy: 0.8744 - val_loss: 0.4164 - val_accuracy: 0.8796
Epoch 7/8

 1/69 [..............................] - ETA: 28s - loss: 0.5387 - accuracy: 0.8750
 2/69 [..............................] - ETA: 16s - loss: 0.5878 - accuracy: 0.8438
 3/69 [>.............................] - ETA: 16s - loss: 0.5030 - accuracy: 0.8542
 4/69 [>.............................] - ETA: 16s - loss: 0.5304 - accuracy: 0.8594
 5/69 [=>............................] - ETA: 16s - loss: 0.5099 - accuracy: 0.8750
 6/69 [=>............................] - ETA: 15s - loss: 0.4807 - accuracy: 0.8854
 7/69 [==>...........................] - ETA: 15s - loss: 0.4883 - accuracy: 0.8661
 8/69 [==>...........................] - ETA: 15s - loss: 0.4726 - accuracy: 0.8672
 9/69 [==>...........................] - ETA: 14s - loss: 0.4722 - accuracy: 0.8681
10/69 [===>..........................] - ETA: 14s - loss: 0.4867 - accuracy: 0.8625
11/69 [===>..........................] - ETA: 14s - loss: 0.4715 - accuracy: 0.8693
12/69 [====>.........................] - ETA: 14s - loss: 0.4734 - accuracy: 0.8646
13/69 [====>.........................] - ETA: 14s - loss: 0.4659 - accuracy: 0.8606
14/69 [=====>........................] - ETA: 13s - loss: 0.4525 - accuracy: 0.8661
15/69 [=====>........................] - ETA: 13s - loss: 0.4486 - accuracy: 0.8708
16/69 [=====>........................] - ETA: 13s - loss: 0.4396 - accuracy: 0.8789
17/69 [======>.......................] - ETA: 12s - loss: 0.4480 - accuracy: 0.8787
18/69 [======>.......................] - ETA: 12s - loss: 0.4433 - accuracy: 0.8785
19/69 [=======>......................] - ETA: 12s - loss: 0.4415 - accuracy: 0.8783
20/69 [=======>......................] - ETA: 12s - loss: 0.4375 - accuracy: 0.8813
21/69 [========>.....................] - ETA: 11s - loss: 0.4332 - accuracy: 0.8869
22/69 [========>.....................] - ETA: 11s - loss: 0.4473 - accuracy: 0.8807
23/69 [=========>....................] - ETA: 11s - loss: 0.4524 - accuracy: 0.8804
24/69 [=========>....................] - ETA: 11s - loss: 0.4483 - accuracy: 0.8776
25/69 [=========>....................] - ETA: 10s - loss: 0.4503 - accuracy: 0.8750
26/69 [==========>...................] - ETA: 10s - loss: 0.4530 - accuracy: 0.8774
27/69 [==========>...................] - ETA: 10s - loss: 0.4536 - accuracy: 0.8773
28/69 [===========>..................] - ETA: 10s - loss: 0.4545 - accuracy: 0.8750
29/69 [===========>..................] - ETA: 9s - loss: 0.4466 - accuracy: 0.8793 
30/69 [============>.................] - ETA: 9s - loss: 0.4416 - accuracy: 0.8813
31/69 [============>.................] - ETA: 9s - loss: 0.4382 - accuracy: 0.8831
32/69 [============>.................] - ETA: 9s - loss: 0.4400 - accuracy: 0.8789
33/69 [=============>................] - ETA: 8s - loss: 0.4365 - accuracy: 0.8807
34/69 [=============>................] - ETA: 8s - loss: 0.4339 - accuracy: 0.8824
35/69 [==============>...............] - ETA: 8s - loss: 0.4270 - accuracy: 0.8857
36/69 [==============>...............] - ETA: 8s - loss: 0.4320 - accuracy: 0.8854
37/69 [===============>..............] - ETA: 7s - loss: 0.4313 - accuracy: 0.8851
38/69 [===============>..............] - ETA: 7s - loss: 0.4309 - accuracy: 0.8865
39/69 [===============>..............] - ETA: 7s - loss: 0.4307 - accuracy: 0.8846
40/69 [================>.............] - ETA: 6s - loss: 0.4308 - accuracy: 0.8844
41/69 [================>.............] - ETA: 6s - loss: 0.4315 - accuracy: 0.8857
42/69 [=================>............] - ETA: 6s - loss: 0.4335 - accuracy: 0.8854
43/69 [=================>............] - ETA: 6s - loss: 0.4388 - accuracy: 0.8837
44/69 [==================>...........] - ETA: 5s - loss: 0.4353 - accuracy: 0.8835
45/69 [==================>...........] - ETA: 5s - loss: 0.4317 - accuracy: 0.8847
46/69 [===================>..........] - ETA: 5s - loss: 0.4290 - accuracy: 0.8832
47/69 [===================>..........] - ETA: 5s - loss: 0.4286 - accuracy: 0.8843
48/69 [===================>..........] - ETA: 5s - loss: 0.4289 - accuracy: 0.8841
49/69 [====================>.........] - ETA: 4s - loss: 0.4266 - accuracy: 0.8839
50/69 [====================>.........] - ETA: 4s - loss: 0.4247 - accuracy: 0.8850
51/69 [=====================>........] - ETA: 4s - loss: 0.4233 - accuracy: 0.8860
52/69 [=====================>........] - ETA: 4s - loss: 0.4220 - accuracy: 0.8858
53/69 [======================>.......] - ETA: 3s - loss: 0.4231 - accuracy: 0.8868
54/69 [======================>.......] - ETA: 3s - loss: 0.4224 - accuracy: 0.8877
55/69 [======================>.......] - ETA: 3s - loss: 0.4217 - accuracy: 0.8875
56/69 [=======================>......] - ETA: 3s - loss: 0.4204 - accuracy: 0.8873
57/69 [=======================>......] - ETA: 2s - loss: 0.4178 - accuracy: 0.8882
58/69 [========================>.....] - ETA: 2s - loss: 0.4169 - accuracy: 0.8879
59/69 [========================>.....] - ETA: 2s - loss: 0.4185 - accuracy: 0.8877
60/69 [=========================>....] - ETA: 2s - loss: 0.4218 - accuracy: 0.8854
61/69 [=========================>....] - ETA: 1s - loss: 0.4218 - accuracy: 0.8852
62/69 [=========================>....] - ETA: 1s - loss: 0.4251 - accuracy: 0.8851
63/69 [==========================>...] - ETA: 1s - loss: 0.4228 - accuracy: 0.8849
64/69 [==========================>...] - ETA: 1s - loss: 0.4210 - accuracy: 0.8867
65/69 [===========================>..] - ETA: 0s - loss: 0.4245 - accuracy: 0.8856
66/69 [===========================>..] - ETA: 0s - loss: 0.4225 - accuracy: 0.8873
67/69 [============================>.] - ETA: 0s - loss: 0.4199 - accuracy: 0.8881
68/69 [============================>.] - ETA: 0s - loss: 0.4173 - accuracy: 0.8897
69/69 [==============================] - ETA: 0s - loss: 0.4222 - accuracy: 0.8881
69/69 [==============================] - 20s 285ms/step - loss: 0.4222 - accuracy: 0.8881 - val_loss: 0.3920 - val_accuracy: 0.8869
Epoch 8/8

 1/69 [..............................] - ETA: 34s - loss: 0.5686 - accuracy: 0.8125
 2/69 [..............................] - ETA: 19s - loss: 0.4450 - accuracy: 0.8750
 3/69 [>.............................] - ETA: 18s - loss: 0.3591 - accuracy: 0.8958
 4/69 [>.............................] - ETA: 17s - loss: 0.4512 - accuracy: 0.8594
 5/69 [=>............................] - ETA: 17s - loss: 0.4774 - accuracy: 0.8500
 6/69 [=>............................] - ETA: 16s - loss: 0.4998 - accuracy: 0.8333
 7/69 [==>...........................] - ETA: 16s - loss: 0.4992 - accuracy: 0.8393
 8/69 [==>...........................] - ETA: 15s - loss: 0.4706 - accuracy: 0.8438
 9/69 [==>...........................] - ETA: 15s - loss: 0.4703 - accuracy: 0.8472
10/69 [===>..........................] - ETA: 15s - loss: 0.4409 - accuracy: 0.8562
11/69 [===>..........................] - ETA: 15s - loss: 0.4118 - accuracy: 0.8693
12/69 [====>.........................] - ETA: 14s - loss: 0.4051 - accuracy: 0.8750
13/69 [====>.........................] - ETA: 14s - loss: 0.4050 - accuracy: 0.8750
14/69 [=====>........................] - ETA: 14s - loss: 0.4000 - accuracy: 0.8795
15/69 [=====>........................] - ETA: 14s - loss: 0.3934 - accuracy: 0.8833
16/69 [=====>........................] - ETA: 13s - loss: 0.3791 - accuracy: 0.8906
17/69 [======>.......................] - ETA: 13s - loss: 0.3764 - accuracy: 0.8934
18/69 [======>.......................] - ETA: 13s - loss: 0.3845 - accuracy: 0.8924
19/69 [=======>......................] - ETA: 13s - loss: 0.3727 - accuracy: 0.8980
20/69 [=======>......................] - ETA: 12s - loss: 0.3878 - accuracy: 0.8969
21/69 [========>.....................] - ETA: 12s - loss: 0.3882 - accuracy: 0.8958
22/69 [========>.....................] - ETA: 12s - loss: 0.3816 - accuracy: 0.8977
23/69 [=========>....................] - ETA: 11s - loss: 0.4007 - accuracy: 0.8940
24/69 [=========>....................] - ETA: 11s - loss: 0.3997 - accuracy: 0.8932
25/69 [=========>....................] - ETA: 11s - loss: 0.4021 - accuracy: 0.8925
26/69 [==========>...................] - ETA: 11s - loss: 0.4021 - accuracy: 0.8918
27/69 [==========>...................] - ETA: 10s - loss: 0.3973 - accuracy: 0.8935
28/69 [===========>..................] - ETA: 10s - loss: 0.3980 - accuracy: 0.8929
29/69 [===========>..................] - ETA: 10s - loss: 0.4039 - accuracy: 0.8922
30/69 [============>.................] - ETA: 10s - loss: 0.4014 - accuracy: 0.8958
31/69 [============>.................] - ETA: 9s - loss: 0.3966 - accuracy: 0.8972 
32/69 [============>.................] - ETA: 9s - loss: 0.3909 - accuracy: 0.8984
33/69 [=============>................] - ETA: 9s - loss: 0.3952 - accuracy: 0.8977
34/69 [=============>................] - ETA: 8s - loss: 0.3923 - accuracy: 0.8971
35/69 [==============>...............] - ETA: 8s - loss: 0.3864 - accuracy: 0.8982
36/69 [==============>...............] - ETA: 8s - loss: 0.3837 - accuracy: 0.8993
37/69 [===============>..............] - ETA: 8s - loss: 0.3833 - accuracy: 0.8970
38/69 [===============>..............] - ETA: 7s - loss: 0.3878 - accuracy: 0.8947
39/69 [===============>..............] - ETA: 7s - loss: 0.3935 - accuracy: 0.8926
40/69 [================>.............] - ETA: 7s - loss: 0.4002 - accuracy: 0.8906
41/69 [================>.............] - ETA: 7s - loss: 0.3969 - accuracy: 0.8918
42/69 [=================>............] - ETA: 6s - loss: 0.3978 - accuracy: 0.8914
43/69 [=================>............] - ETA: 6s - loss: 0.3970 - accuracy: 0.8924
44/69 [==================>...........] - ETA: 6s - loss: 0.3928 - accuracy: 0.8935
45/69 [==================>...........] - ETA: 6s - loss: 0.3892 - accuracy: 0.8944
46/69 [===================>..........] - ETA: 5s - loss: 0.3860 - accuracy: 0.8954
47/69 [===================>..........] - ETA: 5s - loss: 0.3888 - accuracy: 0.8936
48/69 [===================>..........] - ETA: 5s - loss: 0.3845 - accuracy: 0.8958
49/69 [====================>.........] - ETA: 5s - loss: 0.3846 - accuracy: 0.8954
50/69 [====================>.........] - ETA: 4s - loss: 0.3851 - accuracy: 0.8950
51/69 [=====================>........] - ETA: 4s - loss: 0.3825 - accuracy: 0.8958
52/69 [=====================>........] - ETA: 4s - loss: 0.3822 - accuracy: 0.8966
53/69 [======================>.......] - ETA: 4s - loss: 0.3828 - accuracy: 0.8974
54/69 [======================>.......] - ETA: 3s - loss: 0.3807 - accuracy: 0.8981
55/69 [======================>.......] - ETA: 3s - loss: 0.3810 - accuracy: 0.8966
56/69 [=======================>......] - ETA: 3s - loss: 0.3780 - accuracy: 0.8973
57/69 [=======================>......] - ETA: 3s - loss: 0.3760 - accuracy: 0.8980
58/69 [========================>.....] - ETA: 2s - loss: 0.3765 - accuracy: 0.8987
59/69 [========================>.....] - ETA: 2s - loss: 0.3798 - accuracy: 0.8951
60/69 [=========================>....] - ETA: 2s - loss: 0.3849 - accuracy: 0.8906
61/69 [=========================>....] - ETA: 2s - loss: 0.3854 - accuracy: 0.8914
62/69 [=========================>....] - ETA: 1s - loss: 0.3832 - accuracy: 0.8931
63/69 [==========================>...] - ETA: 1s - loss: 0.3838 - accuracy: 0.8929
64/69 [==========================>...] - ETA: 1s - loss: 0.3862 - accuracy: 0.8906
65/69 [===========================>..] - ETA: 1s - loss: 0.3884 - accuracy: 0.8913
66/69 [===========================>..] - ETA: 0s - loss: 0.3861 - accuracy: 0.8911
67/69 [============================>.] - ETA: 0s - loss: 0.3843 - accuracy: 0.8927
68/69 [============================>.] - ETA: 0s - loss: 0.3847 - accuracy: 0.8915
69/69 [==============================] - ETA: 0s - loss: 0.3843 - accuracy: 0.8908
69/69 [==============================] - 20s 292ms/step - loss: 0.3843 - accuracy: 0.8908 - val_loss: 0.3875 - val_accuracy: 0.8796

[train] Phase 2: fine-tuning top layers of MobileNetV2...
Epoch 1/10

 1/69 [..............................] - ETA: 5:15 - loss: 0.2359 - accuracy: 0.9375
 2/69 [..............................] - ETA: 19s - loss: 0.2887 - accuracy: 0.8750 
 3/69 [>.............................] - ETA: 20s - loss: 0.3241 - accuracy: 0.8750
 4/69 [>.............................] - ETA: 20s - loss: 0.3017 - accuracy: 0.8906
 5/69 [=>............................] - ETA: 20s - loss: 0.3185 - accuracy: 0.8875
 6/69 [=>............................] - ETA: 19s - loss: 0.3024 - accuracy: 0.8958
 7/69 [==>...........................] - ETA: 19s - loss: 0.3054 - accuracy: 0.9107
 8/69 [==>...........................] - ETA: 19s - loss: 0.2937 - accuracy: 0.9141
 9/69 [==>...........................] - ETA: 19s - loss: 0.2697 - accuracy: 0.9236
10/69 [===>..........................] - ETA: 18s - loss: 0.3137 - accuracy: 0.9125
11/69 [===>..........................] - ETA: 18s - loss: 0.3088 - accuracy: 0.9148
12/69 [====>.........................] - ETA: 18s - loss: 0.2996 - accuracy: 0.9219
13/69 [====>.........................] - ETA: 17s - loss: 0.2992 - accuracy: 0.9279
14/69 [=====>........................] - ETA: 17s - loss: 0.2872 - accuracy: 0.9330
15/69 [=====>........................] - ETA: 17s - loss: 0.2928 - accuracy: 0.9292
16/69 [=====>........................] - ETA: 17s - loss: 0.2851 - accuracy: 0.9336
17/69 [======>.......................] - ETA: 16s - loss: 0.2782 - accuracy: 0.9338
18/69 [======>.......................] - ETA: 16s - loss: 0.2990 - accuracy: 0.9306
19/69 [=======>......................] - ETA: 16s - loss: 0.3058 - accuracy: 0.9243
20/69 [=======>......................] - ETA: 15s - loss: 0.3310 - accuracy: 0.9156
21/69 [========>.....................] - ETA: 15s - loss: 0.3443 - accuracy: 0.9107
22/69 [========>.....................] - ETA: 15s - loss: 0.3427 - accuracy: 0.9119
23/69 [=========>....................] - ETA: 14s - loss: 0.3418 - accuracy: 0.9130
24/69 [=========>....................] - ETA: 14s - loss: 0.3407 - accuracy: 0.9115
25/69 [=========>....................] - ETA: 14s - loss: 0.3326 - accuracy: 0.9150
26/69 [==========>...................] - ETA: 13s - loss: 0.3263 - accuracy: 0.9159
27/69 [==========>...................] - ETA: 13s - loss: 0.3260 - accuracy: 0.9167
28/69 [===========>..................] - ETA: 13s - loss: 0.3339 - accuracy: 0.9152
29/69 [===========>..................] - ETA: 12s - loss: 0.3314 - accuracy: 0.9181
30/69 [============>.................] - ETA: 12s - loss: 0.3250 - accuracy: 0.9187
31/69 [============>.................] - ETA: 12s - loss: 0.3529 - accuracy: 0.9133
32/69 [============>.................] - ETA: 11s - loss: 0.3566 - accuracy: 0.9141
33/69 [=============>................] - ETA: 11s - loss: 0.3675 - accuracy: 0.9110
34/69 [=============>................] - ETA: 11s - loss: 0.3616 - accuracy: 0.9136
35/69 [==============>...............] - ETA: 10s - loss: 0.3623 - accuracy: 0.9143
36/69 [==============>...............] - ETA: 10s - loss: 0.3592 - accuracy: 0.9115
37/69 [===============>..............] - ETA: 10s - loss: 0.3547 - accuracy: 0.9139
38/69 [===============>..............] - ETA: 10s - loss: 0.3654 - accuracy: 0.9112
39/69 [===============>..............] - ETA: 9s - loss: 0.3613 - accuracy: 0.9119 
40/69 [================>.............] - ETA: 9s - loss: 0.3568 - accuracy: 0.9125
41/69 [================>.............] - ETA: 9s - loss: 0.3551 - accuracy: 0.9131
42/69 [=================>............] - ETA: 8s - loss: 0.3522 - accuracy: 0.9152
43/69 [=================>............] - ETA: 8s - loss: 0.3528 - accuracy: 0.9157
44/69 [==================>...........] - ETA: 8s - loss: 0.3525 - accuracy: 0.9162
45/69 [==================>...........] - ETA: 7s - loss: 0.3480 - accuracy: 0.9181
46/69 [===================>..........] - ETA: 7s - loss: 0.3419 - accuracy: 0.9198
47/69 [===================>..........] - ETA: 7s - loss: 0.3373 - accuracy: 0.9215
48/69 [===================>..........] - ETA: 6s - loss: 0.3358 - accuracy: 0.9219
49/69 [====================>.........] - ETA: 6s - loss: 0.3317 - accuracy: 0.9222
50/69 [====================>.........] - ETA: 6s - loss: 0.3276 - accuracy: 0.9225
51/69 [=====================>........] - ETA: 5s - loss: 0.3278 - accuracy: 0.9216
52/69 [=====================>........] - ETA: 5s - loss: 0.3312 - accuracy: 0.9207
53/69 [======================>.......] - ETA: 5s - loss: 0.3292 - accuracy: 0.9210
54/69 [======================>.......] - ETA: 4s - loss: 0.3316 - accuracy: 0.9201
55/69 [======================>.......] - ETA: 4s - loss: 0.3283 - accuracy: 0.9205
56/69 [=======================>......] - ETA: 4s - loss: 0.3327 - accuracy: 0.9208
57/69 [=======================>......] - ETA: 3s - loss: 0.3314 - accuracy: 0.9211
58/69 [========================>.....] - ETA: 3s - loss: 0.3282 - accuracy: 0.9224
59/69 [========================>.....] - ETA: 3s - loss: 0.3308 - accuracy: 0.9216
60/69 [=========================>....] - ETA: 2s - loss: 0.3320 - accuracy: 0.9187
61/69 [=========================>....] - ETA: 2s - loss: 0.3334 - accuracy: 0.9170
62/69 [=========================>....] - ETA: 2s - loss: 0.3307 - accuracy: 0.9173
63/69 [==========================>...] - ETA: 1s - loss: 0.3300 - accuracy: 0.9177
64/69 [==========================>...] - ETA: 1s - loss: 0.3278 - accuracy: 0.9180
65/69 [===========================>..] - ETA: 1s - loss: 0.3266 - accuracy: 0.9183
66/69 [===========================>..] - ETA: 0s - loss: 0.3251 - accuracy: 0.9195
67/69 [============================>.] - ETA: 0s - loss: 0.3248 - accuracy: 0.9188
68/69 [============================>.] - ETA: 0s - loss: 0.3289 - accuracy: 0.9182
69/69 [==============================] - ETA: 0s - loss: 0.3275 - accuracy: 0.9181
69/69 [==============================] - 30s 367ms/step - loss: 0.3275 - accuracy: 0.9181 - val_loss: 0.3596 - val_accuracy: 0.8686
Epoch 2/10

 1/69 [..............................] - ETA: 32s - loss: 0.4336 - accuracy: 0.8750
 2/69 [..............................] - ETA: 20s - loss: 0.4523 - accuracy: 0.8750
 3/69 [>.............................] - ETA: 20s - loss: 0.3775 - accuracy: 0.8958
 4/69 [>.............................] - ETA: 20s - loss: 0.3718 - accuracy: 0.8906
 5/69 [=>............................] - ETA: 20s - loss: 0.3263 - accuracy: 0.9125
 6/69 [=>............................] - ETA: 19s - loss: 0.3419 - accuracy: 0.9062
 7/69 [==>...........................] - ETA: 19s - loss: 0.3090 - accuracy: 0.9196
 8/69 [==>...........................] - ETA: 19s - loss: 0.2857 - accuracy: 0.9297
 9/69 [==>...........................] - ETA: 18s - loss: 0.2914 - accuracy: 0.9167
10/69 [===>..........................] - ETA: 18s - loss: 0.2755 - accuracy: 0.9250
11/69 [===>..........................] - ETA: 18s - loss: 0.2710 - accuracy: 0.9205
12/69 [====>.........................] - ETA: 17s - loss: 0.2868 - accuracy: 0.9219
13/69 [====>.........................] - ETA: 17s - loss: 0.2913 - accuracy: 0.9231
14/69 [=====>........................] - ETA: 17s - loss: 0.2930 - accuracy: 0.9196
15/69 [=====>........................] - ETA: 17s - loss: 0.2934 - accuracy: 0.9167
16/69 [=====>........................] - ETA: 16s - loss: 0.2929 - accuracy: 0.9180
17/69 [======>.......................] - ETA: 16s - loss: 0.3022 - accuracy: 0.9154
18/69 [======>.......................] - ETA: 16s - loss: 0.3034 - accuracy: 0.9167
19/69 [=======>......................] - ETA: 16s - loss: 0.3061 - accuracy: 0.9178
20/69 [=======>......................] - ETA: 16s - loss: 0.3245 - accuracy: 0.9125
21/69 [========>.....................] - ETA: 16s - loss: 0.3278 - accuracy: 0.9107
22/69 [========>.....................] - ETA: 15s - loss: 0.3277 - accuracy: 0.9091
23/69 [=========>....................] - ETA: 15s - loss: 0.3296 - accuracy: 0.9103
24/69 [=========>....................] - ETA: 15s - loss: 0.3221 - accuracy: 0.9141
25/69 [=========>....................] - ETA: 15s - loss: 0.3144 - accuracy: 0.9175
26/69 [==========>...................] - ETA: 14s - loss: 0.3086 - accuracy: 0.9159
27/69 [==========>...................] - ETA: 14s - loss: 0.3018 - accuracy: 0.9190
28/69 [===========>..................] - ETA: 14s - loss: 0.3058 - accuracy: 0.9129
29/69 [===========>..................] - ETA: 13s - loss: 0.3093 - accuracy: 0.9116
30/69 [============>.................] - ETA: 13s - loss: 0.3027 - accuracy: 0.9146
31/69 [============>.................] - ETA: 13s - loss: 0.3051 - accuracy: 0.9113
32/69 [============>.................] - ETA: 12s - loss: 0.3026 - accuracy: 0.9121
33/69 [=============>................] - ETA: 12s - loss: 0.3013 - accuracy: 0.9110
34/69 [=============>................] - ETA: 12s - loss: 0.3024 - accuracy: 0.9118
35/69 [==============>...............] - ETA: 11s - loss: 0.2978 - accuracy: 0.9125
36/69 [==============>...............] - ETA: 11s - loss: 0.3056 - accuracy: 0.9115
37/69 [===============>..............] - ETA: 11s - loss: 0.3164 - accuracy: 0.9088
38/69 [===============>..............] - ETA: 10s - loss: 0.3121 - accuracy: 0.9095
39/69 [===============>..............] - ETA: 10s - loss: 0.3179 - accuracy: 0.9087
40/69 [================>.............] - ETA: 10s - loss: 0.3137 - accuracy: 0.9094
41/69 [================>.............] - ETA: 9s - loss: 0.3096 - accuracy: 0.9116 
42/69 [=================>............] - ETA: 9s - loss: 0.3039 - accuracy: 0.9137
43/69 [=================>............] - ETA: 8s - loss: 0.2994 - accuracy: 0.9157
44/69 [==================>...........] - ETA: 8s - loss: 0.2981 - accuracy: 0.9162
45/69 [==================>...........] - ETA: 8s - loss: 0.2944 - accuracy: 0.9181
46/69 [===================>..........] - ETA: 7s - loss: 0.2932 - accuracy: 0.9185
47/69 [===================>..........] - ETA: 7s - loss: 0.2923 - accuracy: 0.9189
48/69 [===================>..........] - ETA: 7s - loss: 0.2926 - accuracy: 0.9193
49/69 [====================>.........] - ETA: 6s - loss: 0.2916 - accuracy: 0.9209
50/69 [====================>.........] - ETA: 6s - loss: 0.2881 - accuracy: 0.9225
51/69 [=====================>........] - ETA: 6s - loss: 0.2857 - accuracy: 0.9240
52/69 [=====================>........] - ETA: 5s - loss: 0.2820 - accuracy: 0.9255
53/69 [======================>.......] - ETA: 5s - loss: 0.2821 - accuracy: 0.9269
54/69 [======================>.......] - ETA: 5s - loss: 0.2853 - accuracy: 0.9259
55/69 [======================>.......] - ETA: 4s - loss: 0.2824 - accuracy: 0.9261
56/69 [=======================>......] - ETA: 4s - loss: 0.2814 - accuracy: 0.9263
57/69 [=======================>......] - ETA: 4s - loss: 0.2832 - accuracy: 0.9243
58/69 [========================>.....] - ETA: 3s - loss: 0.2861 - accuracy: 0.9235
59/69 [========================>.....] - ETA: 3s - loss: 0.2824 - accuracy: 0.9248
60/69 [=========================>....] - ETA: 3s - loss: 0.2821 - accuracy: 0.9240
61/69 [=========================>....] - ETA: 2s - loss: 0.2791 - accuracy: 0.9252
62/69 [=========================>....] - ETA: 2s - loss: 0.2777 - accuracy: 0.9254
63/69 [==========================>...] - ETA: 2s - loss: 0.2758 - accuracy: 0.9266
64/69 [==========================>...] - ETA: 1s - loss: 0.2756 - accuracy: 0.9268
65/69 [===========================>..] - ETA: 1s - loss: 0.2754 - accuracy: 0.9269
66/69 [===========================>..] - ETA: 1s - loss: 0.2756 - accuracy: 0.9271
67/69 [============================>.] - ETA: 0s - loss: 0.2758 - accuracy: 0.9254
68/69 [============================>.] - ETA: 0s - loss: 0.2737 - accuracy: 0.9256
69/69 [==============================] - ETA: 0s - loss: 0.2737 - accuracy: 0.9254
69/69 [==============================] - 26s 373ms/step - loss: 0.2737 - accuracy: 0.9254 - val_loss: 0.3481 - val_accuracy: 0.8869
Epoch 3/10

 1/69 [..............................] - ETA: 33s - loss: 0.1707 - accuracy: 0.9375
 2/69 [..............................] - ETA: 20s - loss: 0.1067 - accuracy: 0.9688
 3/69 [>.............................] - ETA: 21s - loss: 0.0992 - accuracy: 0.9792
 4/69 [>.............................] - ETA: 20s - loss: 0.1606 - accuracy: 0.9531
 5/69 [=>............................] - ETA: 20s - loss: 0.1767 - accuracy: 0.9500
 6/69 [=>............................] - ETA: 19s - loss: 0.1706 - accuracy: 0.9583
 7/69 [==>...........................] - ETA: 19s - loss: 0.1513 - accuracy: 0.9643
 8/69 [==>...........................] - ETA: 18s - loss: 0.1505 - accuracy: 0.9688
 9/69 [==>...........................] - ETA: 18s - loss: 0.1455 - accuracy: 0.9722
10/69 [===>..........................] - ETA: 18s - loss: 0.1532 - accuracy: 0.9688
11/69 [===>..........................] - ETA: 17s - loss: 0.1468 - accuracy: 0.9716
12/69 [====>.........................] - ETA: 17s - loss: 0.1582 - accuracy: 0.9635
13/69 [====>.........................] - ETA: 17s - loss: 0.1949 - accuracy: 0.9471
14/69 [=====>........................] - ETA: 16s - loss: 0.2076 - accuracy: 0.9464
15/69 [=====>........................] - ETA: 16s - loss: 0.2010 - accuracy: 0.9500
16/69 [=====>........................] - ETA: 16s - loss: 0.1993 - accuracy: 0.9492
17/69 [======>.......................] - ETA: 15s - loss: 0.2061 - accuracy: 0.9449
18/69 [======>.......................] - ETA: 15s - loss: 0.2091 - accuracy: 0.9444
19/69 [=======>......................] - ETA: 15s - loss: 0.2248 - accuracy: 0.9408
20/69 [=======>......................] - ETA: 14s - loss: 0.2386 - accuracy: 0.9344
21/69 [========>.....................] - ETA: 14s - loss: 0.2449 - accuracy: 0.9315
22/69 [========>.....................] - ETA: 14s - loss: 0.2560 - accuracy: 0.9290
23/69 [=========>....................] - ETA: 14s - loss: 0.2474 - accuracy: 0.9321
24/69 [=========>....................] - ETA: 13s - loss: 0.2391 - accuracy: 0.9349
25/69 [=========>....................] - ETA: 13s - loss: 0.2441 - accuracy: 0.9325
26/69 [==========>...................] - ETA: 13s - loss: 0.2452 - accuracy: 0.9303
27/69 [==========>...................] - ETA: 12s - loss: 0.2393 - accuracy: 0.9329
28/69 [===========>..................] - ETA: 12s - loss: 0.2471 - accuracy: 0.9286
29/69 [===========>..................] - ETA: 12s - loss: 0.2448 - accuracy: 0.9289
30/69 [============>.................] - ETA: 12s - loss: 0.2421 - accuracy: 0.9292
31/69 [============>.................] - ETA: 11s - loss: 0.2460 - accuracy: 0.9274
32/69 [============>.................] - ETA: 11s - loss: 0.2452 - accuracy: 0.9258
33/69 [=============>................] - ETA: 11s - loss: 0.2441 - accuracy: 0.9242
34/69 [=============>................] - ETA: 10s - loss: 0.2465 - accuracy: 0.9228
35/69 [==============>...............] - ETA: 10s - loss: 0.2470 - accuracy: 0.9232
36/69 [==============>...............] - ETA: 10s - loss: 0.2432 - accuracy: 0.9253
37/69 [===============>..............] - ETA: 9s - loss: 0.2400 - accuracy: 0.9257 
38/69 [===============>..............] - ETA: 9s - loss: 0.2424 - accuracy: 0.9243
39/69 [===============>..............] - ETA: 9s - loss: 0.2472 - accuracy: 0.9231
40/69 [================>.............] - ETA: 9s - loss: 0.2520 - accuracy: 0.9219
41/69 [================>.............] - ETA: 8s - loss: 0.2487 - accuracy: 0.9238
42/69 [=================>............] - ETA: 8s - loss: 0.2472 - accuracy: 0.9256
43/69 [=================>............] - ETA: 8s - loss: 0.2447 - accuracy: 0.9273
44/69 [==================>...........] - ETA: 7s - loss: 0.2473 - accuracy: 0.9261
45/69 [==================>...........] - ETA: 7s - loss: 0.2458 - accuracy: 0.9278
46/69 [===================>..........] - ETA: 7s - loss: 0.2469 - accuracy: 0.9253
47/69 [===================>..........] - ETA: 6s - loss: 0.2446 - accuracy: 0.9255
48/69 [===================>..........] - ETA: 6s - loss: 0.2462 - accuracy: 0.9245
49/69 [====================>.........] - ETA: 6s - loss: 0.2550 - accuracy: 0.9222
50/69 [====================>.........] - ETA: 5s - loss: 0.2542 - accuracy: 0.9225
51/69 [=====================>........] - ETA: 5s - loss: 0.2544 - accuracy: 0.9228
52/69 [=====================>........] - ETA: 5s - loss: 0.2527 - accuracy: 0.9231
53/69 [======================>.......] - ETA: 5s - loss: 0.2563 - accuracy: 0.9222
54/69 [======================>.......] - ETA: 4s - loss: 0.2562 - accuracy: 0.9225
55/69 [======================>.......] - ETA: 4s - loss: 0.2601 - accuracy: 0.9193
56/69 [=======================>......] - ETA: 4s - loss: 0.2584 - accuracy: 0.9196
57/69 [=======================>......] - ETA: 3s - loss: 0.2558 - accuracy: 0.9211
58/69 [========================>.....] - ETA: 3s - loss: 0.2528 - accuracy: 0.9224
59/69 [========================>.....] - ETA: 3s - loss: 0.2584 - accuracy: 0.9206
60/69 [=========================>....] - ETA: 2s - loss: 0.2560 - accuracy: 0.9219
61/69 [=========================>....] - ETA: 2s - loss: 0.2552 - accuracy: 0.9232
62/69 [=========================>....] - ETA: 2s - loss: 0.2543 - accuracy: 0.9234
63/69 [==========================>...] - ETA: 1s - loss: 0.2536 - accuracy: 0.9226
64/69 [==========================>...] - ETA: 1s - loss: 0.2530 - accuracy: 0.9229
65/69 [===========================>..] - ETA: 1s - loss: 0.2530 - accuracy: 0.9221
66/69 [===========================>..] - ETA: 0s - loss: 0.2572 - accuracy: 0.9205
67/69 [============================>.] - ETA: 0s - loss: 0.2593 - accuracy: 0.9207
68/69 [============================>.] - ETA: 0s - loss: 0.2589 - accuracy: 0.9210
69/69 [==============================] - ETA: 0s - loss: 0.2588 - accuracy: 0.9208
69/69 [==============================] - 24s 352ms/step - loss: 0.2588 - accuracy: 0.9208 - val_loss: 0.2948 - val_accuracy: 0.9051
Epoch 4/10

 1/69 [..............................] - ETA: 33s - loss: 0.1969 - accuracy: 0.9375
 2/69 [..............................] - ETA: 20s - loss: 0.2135 - accuracy: 0.9375
 3/69 [>.............................] - ETA: 20s - loss: 0.1800 - accuracy: 0.9583
 4/69 [>.............................] - ETA: 20s - loss: 0.1865 - accuracy: 0.9531
 5/69 [=>............................] - ETA: 20s - loss: 0.1873 - accuracy: 0.9500
 6/69 [=>............................] - ETA: 20s - loss: 0.1927 - accuracy: 0.9479
 7/69 [==>...........................] - ETA: 19s - loss: 0.1802 - accuracy: 0.9554
 8/69 [==>...........................] - ETA: 19s - loss: 0.1643 - accuracy: 0.9609
 9/69 [==>...........................] - ETA: 19s - loss: 0.1542 - accuracy: 0.9653
10/69 [===>..........................] - ETA: 19s - loss: 0.1565 - accuracy: 0.9625
11/69 [===>..........................] - ETA: 18s - loss: 0.1638 - accuracy: 0.9545
12/69 [====>.........................] - ETA: 18s - loss: 0.1792 - accuracy: 0.9531
13/69 [====>.........................] - ETA: 18s - loss: 0.1767 - accuracy: 0.9519
14/69 [=====>........................] - ETA: 17s - loss: 0.2323 - accuracy: 0.9375
15/69 [=====>........................] - ETA: 17s - loss: 0.2364 - accuracy: 0.9375
16/69 [=====>........................] - ETA: 17s - loss: 0.2349 - accuracy: 0.9336
17/69 [======>.......................] - ETA: 16s - loss: 0.2327 - accuracy: 0.9375
18/69 [======>.......................] - ETA: 16s - loss: 0.2264 - accuracy: 0.9410
19/69 [=======>......................] - ETA: 16s - loss: 0.2340 - accuracy: 0.9408
20/69 [=======>......................] - ETA: 15s - loss: 0.2343 - accuracy: 0.9406
21/69 [========>.....................] - ETA: 15s - loss: 0.2270 - accuracy: 0.9435
22/69 [========>.....................] - ETA: 15s - loss: 0.2240 - accuracy: 0.9460
23/69 [=========>....................] - ETA: 14s - loss: 0.2199 - accuracy: 0.9457
24/69 [=========>....................] - ETA: 14s - loss: 0.2167 - accuracy: 0.9453
25/69 [=========>....................] - ETA: 13s - loss: 0.2161 - accuracy: 0.9450
26/69 [==========>...................] - ETA: 13s - loss: 0.2132 - accuracy: 0.9471
27/69 [==========>...................] - ETA: 13s - loss: 0.2147 - accuracy: 0.9468
28/69 [===========>..................] - ETA: 12s - loss: 0.2241 - accuracy: 0.9464
29/69 [===========>..................] - ETA: 12s - loss: 0.2199 - accuracy: 0.9483
30/69 [============>.................] - ETA: 12s - loss: 0.2232 - accuracy: 0.9458
31/69 [============>.................] - ETA: 11s - loss: 0.2244 - accuracy: 0.9435
32/69 [============>.................] - ETA: 11s - loss: 0.2268 - accuracy: 0.9414
33/69 [=============>................] - ETA: 11s - loss: 0.2218 - accuracy: 0.9432
34/69 [=============>................] - ETA: 10s - loss: 0.2172 - accuracy: 0.9449
35/69 [==============>...............] - ETA: 10s - loss: 0.2182 - accuracy: 0.9446
36/69 [==============>...............] - ETA: 10s - loss: 0.2139 - accuracy: 0.9462
37/69 [===============>..............] - ETA: 9s - loss: 0.2124 - accuracy: 0.9443 
38/69 [===============>..............] - ETA: 9s - loss: 0.2119 - accuracy: 0.9441
39/69 [===============>..............] - ETA: 9s - loss: 0.2096 - accuracy: 0.9455
40/69 [================>.............] - ETA: 8s - loss: 0.2073 - accuracy: 0.9469
41/69 [================>.............] - ETA: 8s - loss: 0.2058 - accuracy: 0.9466
42/69 [=================>............] - ETA: 8s - loss: 0.2120 - accuracy: 0.9435
43/69 [=================>............] - ETA: 8s - loss: 0.2088 - accuracy: 0.9448
44/69 [==================>...........] - ETA: 7s - loss: 0.2087 - accuracy: 0.9446
45/69 [==================>...........] - ETA: 7s - loss: 0.2124 - accuracy: 0.9431
46/69 [===================>..........] - ETA: 7s - loss: 0.2099 - accuracy: 0.9429
47/69 [===================>..........] - ETA: 6s - loss: 0.2110 - accuracy: 0.9428
48/69 [===================>..........] - ETA: 6s - loss: 0.2091 - accuracy: 0.9440
49/69 [====================>.........] - ETA: 6s - loss: 0.2080 - accuracy: 0.9439
50/69 [====================>.........] - ETA: 6s - loss: 0.2124 - accuracy: 0.9413
51/69 [=====================>........] - ETA: 5s - loss: 0.2123 - accuracy: 0.9412
52/69 [=====================>........] - ETA: 5s - loss: 0.2115 - accuracy: 0.9423
53/69 [======================>.......] - ETA: 5s - loss: 0.2099 - accuracy: 0.9434
54/69 [======================>.......] - ETA: 4s - loss: 0.2090 - accuracy: 0.9444
55/69 [======================>.......] - ETA: 4s - loss: 0.2104 - accuracy: 0.9432
56/69 [=======================>......] - ETA: 4s - loss: 0.2122 - accuracy: 0.9420
57/69 [=======================>......] - ETA: 3s - loss: 0.2112 - accuracy: 0.9419
58/69 [========================>.....] - ETA: 3s - loss: 0.2107 - accuracy: 0.9418
59/69 [========================>.....] - ETA: 3s - loss: 0.2173 - accuracy: 0.9417
60/69 [=========================>....] - ETA: 2s - loss: 0.2168 - accuracy: 0.9406
61/69 [=========================>....] - ETA: 2s - loss: 0.2176 - accuracy: 0.9395
62/69 [=========================>....] - ETA: 2s - loss: 0.2185 - accuracy: 0.9385
63/69 [==========================>...] - ETA: 1s - loss: 0.2205 - accuracy: 0.9385
64/69 [==========================>...] - ETA: 1s - loss: 0.2187 - accuracy: 0.9385
65/69 [===========================>..] - ETA: 1s - loss: 0.2206 - accuracy: 0.9385
66/69 [===========================>..] - ETA: 0s - loss: 0.2197 - accuracy: 0.9384
67/69 [============================>.] - ETA: 0s - loss: 0.2175 - accuracy: 0.9394
68/69 [============================>.] - ETA: 0s - loss: 0.2178 - accuracy: 0.9384
69/69 [==============================] - ETA: 0s - loss: 0.2193 - accuracy: 0.9372
69/69 [==============================] - 25s 354ms/step - loss: 0.2193 - accuracy: 0.9372 - val_loss: 0.3110 - val_accuracy: 0.9161
Epoch 5/10

 1/69 [..............................] - ETA: 34s - loss: 0.5190 - accuracy: 0.8750
 2/69 [..............................] - ETA: 21s - loss: 0.2835 - accuracy: 0.9375
 3/69 [>.............................] - ETA: 20s - loss: 0.1928 - accuracy: 0.9583
 4/69 [>.............................] - ETA: 20s - loss: 0.2580 - accuracy: 0.9375
 5/69 [=>............................] - ETA: 20s - loss: 0.2693 - accuracy: 0.9250
 6/69 [=>............................] - ETA: 20s - loss: 0.2664 - accuracy: 0.9167
 7/69 [==>...........................] - ETA: 20s - loss: 0.2448 - accuracy: 0.9196
 8/69 [==>...........................] - ETA: 19s - loss: 0.2354 - accuracy: 0.9297
 9/69 [==>...........................] - ETA: 19s - loss: 0.2775 - accuracy: 0.9236
10/69 [===>..........................] - ETA: 19s - loss: 0.2565 - accuracy: 0.9312
11/69 [===>..........................] - ETA: 18s - loss: 0.2447 - accuracy: 0.9318
12/69 [====>.........................] - ETA: 18s - loss: 0.2464 - accuracy: 0.9323
13/69 [====>.........................] - ETA: 18s - loss: 0.2539 - accuracy: 0.9279
14/69 [=====>........................] - ETA: 17s - loss: 0.2431 - accuracy: 0.9330
15/69 [=====>........................] - ETA: 17s - loss: 0.2307 - accuracy: 0.9375
16/69 [=====>........................] - ETA: 17s - loss: 0.2337 - accuracy: 0.9297
17/69 [======>.......................] - ETA: 16s - loss: 0.2243 - accuracy: 0.9338
18/69 [======>.......................] - ETA: 16s - loss: 0.2148 - accuracy: 0.9375
19/69 [=======>......................] - ETA: 16s - loss: 0.2139 - accuracy: 0.9408
20/69 [=======>......................] - ETA: 15s - loss: 0.2315 - accuracy: 0.9375
21/69 [========>.....................] - ETA: 15s - loss: 0.2275 - accuracy: 0.9375
22/69 [========>.....................] - ETA: 15s - loss: 0.2275 - accuracy: 0.9375
23/69 [=========>....................] - ETA: 14s - loss: 0.2208 - accuracy: 0.9402
24/69 [=========>....................] - ETA: 14s - loss: 0.2206 - accuracy: 0.9401
25/69 [=========>....................] - ETA: 14s - loss: 0.2154 - accuracy: 0.9425
26/69 [==========>...................] - ETA: 13s - loss: 0.2104 - accuracy: 0.9447
27/69 [==========>...................] - ETA: 13s - loss: 0.2041 - accuracy: 0.9468
28/69 [===========>..................] - ETA: 13s - loss: 0.2052 - accuracy: 0.9464
29/69 [===========>..................] - ETA: 13s - loss: 0.2169 - accuracy: 0.9440
30/69 [============>.................] - ETA: 12s - loss: 0.2140 - accuracy: 0.9438
31/69 [============>.................] - ETA: 12s - loss: 0.2146 - accuracy: 0.9435
32/69 [============>.................] - ETA: 12s - loss: 0.2128 - accuracy: 0.9453
33/69 [=============>................] - ETA: 11s - loss: 0.2096 - accuracy: 0.9470
34/69 [=============>................] - ETA: 11s - loss: 0.2136 - accuracy: 0.9467
35/69 [==============>...............] - ETA: 11s - loss: 0.2103 - accuracy: 0.9482
36/69 [==============>...............] - ETA: 10s - loss: 0.2067 - accuracy: 0.9497
37/69 [===============>..............] - ETA: 10s - loss: 0.2031 - accuracy: 0.9510
38/69 [===============>..............] - ETA: 10s - loss: 0.2009 - accuracy: 0.9523
39/69 [===============>..............] - ETA: 9s - loss: 0.1992 - accuracy: 0.9535 
40/69 [================>.............] - ETA: 9s - loss: 0.1997 - accuracy: 0.9531
41/69 [================>.............] - ETA: 9s - loss: 0.1962 - accuracy: 0.9543
42/69 [=================>............] - ETA: 8s - loss: 0.1952 - accuracy: 0.9554
43/69 [=================>............] - ETA: 8s - loss: 0.1942 - accuracy: 0.9549
44/69 [==================>...........] - ETA: 8s - loss: 0.1913 - accuracy: 0.9560
45/69 [==================>...........] - ETA: 7s - loss: 0.1923 - accuracy: 0.9556
46/69 [===================>..........] - ETA: 7s - loss: 0.1919 - accuracy: 0.9552
47/69 [===================>..........] - ETA: 7s - loss: 0.1897 - accuracy: 0.9561
48/69 [===================>..........] - ETA: 6s - loss: 0.1915 - accuracy: 0.9531
49/69 [====================>.........] - ETA: 6s - loss: 0.1890 - accuracy: 0.9541
50/69 [====================>.........] - ETA: 6s - loss: 0.1960 - accuracy: 0.9500
51/69 [=====================>........] - ETA: 5s - loss: 0.1963 - accuracy: 0.9485
52/69 [=====================>........] - ETA: 5s - loss: 0.1946 - accuracy: 0.9495
53/69 [======================>.......] - ETA: 5s - loss: 0.1933 - accuracy: 0.9505
54/69 [======================>.......] - ETA: 4s - loss: 0.1920 - accuracy: 0.9502
55/69 [======================>.......] - ETA: 4s - loss: 0.1910 - accuracy: 0.9500
56/69 [=======================>......] - ETA: 4s - loss: 0.1907 - accuracy: 0.9509
57/69 [=======================>......] - ETA: 3s - loss: 0.1903 - accuracy: 0.9507
58/69 [========================>.....] - ETA: 3s - loss: 0.1897 - accuracy: 0.9504
59/69 [========================>.....] - ETA: 3s - loss: 0.1874 - accuracy: 0.9513
60/69 [=========================>....] - ETA: 2s - loss: 0.1856 - accuracy: 0.9521
61/69 [=========================>....] - ETA: 2s - loss: 0.1862 - accuracy: 0.9518
62/69 [=========================>....] - ETA: 2s - loss: 0.1891 - accuracy: 0.9506
63/69 [==========================>...] - ETA: 1s - loss: 0.1889 - accuracy: 0.9514
64/69 [==========================>...] - ETA: 1s - loss: 0.1920 - accuracy: 0.9502
65/69 [===========================>..] - ETA: 1s - loss: 0.1909 - accuracy: 0.9510
66/69 [===========================>..] - ETA: 0s - loss: 0.1928 - accuracy: 0.9498
67/69 [============================>.] - ETA: 0s - loss: 0.1923 - accuracy: 0.9496
68/69 [============================>.] - ETA: 0s - loss: 0.1910 - accuracy: 0.9504
69/69 [==============================] - ETA: 0s - loss: 0.1910 - accuracy: 0.9500
69/69 [==============================] - 25s 353ms/step - loss: 0.1910 - accuracy: 0.9500 - val_loss: 0.2915 - val_accuracy: 0.9124
Epoch 6/10

 1/69 [..............................] - ETA: 34s - loss: 0.2408 - accuracy: 0.9375
 2/69 [..............................] - ETA: 21s - loss: 0.2298 - accuracy: 0.9062
 3/69 [>.............................] - ETA: 21s - loss: 0.2499 - accuracy: 0.8958
 4/69 [>.............................] - ETA: 21s - loss: 0.2761 - accuracy: 0.9062
 5/69 [=>............................] - ETA: 20s - loss: 0.2358 - accuracy: 0.9250
 6/69 [=>............................] - ETA: 20s - loss: 0.2162 - accuracy: 0.9375
 7/69 [==>...........................] - ETA: 20s - loss: 0.2103 - accuracy: 0.9375
 8/69 [==>...........................] - ETA: 19s - loss: 0.1939 - accuracy: 0.9453
 9/69 [==>...........................] - ETA: 19s - loss: 0.2013 - accuracy: 0.9375
10/69 [===>..........................] - ETA: 19s - loss: 0.1886 - accuracy: 0.9438
11/69 [===>..........................] - ETA: 18s - loss: 0.2370 - accuracy: 0.9432
12/69 [====>.........................] - ETA: 18s - loss: 0.2304 - accuracy: 0.9479
13/69 [====>.........................] - ETA: 18s - loss: 0.2449 - accuracy: 0.9423
14/69 [=====>........................] - ETA: 17s - loss: 0.2349 - accuracy: 0.9464
15/69 [=====>........................] - ETA: 17s - loss: 0.2293 - accuracy: 0.9500
16/69 [=====>........................] - ETA: 17s - loss: 0.2291 - accuracy: 0.9492
17/69 [======>.......................] - ETA: 17s - loss: 0.2295 - accuracy: 0.9485
18/69 [======>.......................] - ETA: 16s - loss: 0.2244 - accuracy: 0.9479
19/69 [=======>......................] - ETA: 16s - loss: 0.2185 - accuracy: 0.9507
20/69 [=======>......................] - ETA: 16s - loss: 0.2141 - accuracy: 0.9531
21/69 [========>.....................] - ETA: 15s - loss: 0.2122 - accuracy: 0.9524
22/69 [========>.....................] - ETA: 15s - loss: 0.2076 - accuracy: 0.9545
23/69 [=========>....................] - ETA: 15s - loss: 0.2079 - accuracy: 0.9538
24/69 [=========>....................] - ETA: 14s - loss: 0.2160 - accuracy: 0.9505
25/69 [=========>....................] - ETA: 14s - loss: 0.2251 - accuracy: 0.9475
26/69 [==========>...................] - ETA: 14s - loss: 0.2181 - accuracy: 0.9495
27/69 [==========>...................] - ETA: 13s - loss: 0.2150 - accuracy: 0.9514
28/69 [===========>..................] - ETA: 13s - loss: 0.2127 - accuracy: 0.9531
29/69 [===========>..................] - ETA: 13s - loss: 0.2211 - accuracy: 0.9483
30/69 [============>.................] - ETA: 13s - loss: 0.2207 - accuracy: 0.9479
31/69 [============>.................] - ETA: 12s - loss: 0.2221 - accuracy: 0.9476
32/69 [============>.................] - ETA: 12s - loss: 0.2165 - accuracy: 0.9492
33/69 [=============>................] - ETA: 11s - loss: 0.2144 - accuracy: 0.9508
34/69 [=============>................] - ETA: 11s - loss: 0.2135 - accuracy: 0.9504
35/69 [==============>...............] - ETA: 11s - loss: 0.2114 - accuracy: 0.9518
36/69 [==============>...............] - ETA: 10s - loss: 0.2059 - accuracy: 0.9531
37/69 [===============>..............] - ETA: 10s - loss: 0.2031 - accuracy: 0.9527
38/69 [===============>..............] - ETA: 10s - loss: 0.2008 - accuracy: 0.9523
39/69 [===============>..............] - ETA: 9s - loss: 0.1981 - accuracy: 0.9535 
40/69 [================>.............] - ETA: 9s - loss: 0.2027 - accuracy: 0.9516
41/69 [================>.............] - ETA: 9s - loss: 0.2098 - accuracy: 0.9512
42/69 [=================>............] - ETA: 8s - loss: 0.2085 - accuracy: 0.9524
43/69 [=================>............] - ETA: 8s - loss: 0.2043 - accuracy: 0.9535
44/69 [==================>...........] - ETA: 8s - loss: 0.2029 - accuracy: 0.9531
45/69 [==================>...........] - ETA: 7s - loss: 0.1988 - accuracy: 0.9542
46/69 [===================>..........] - ETA: 7s - loss: 0.2010 - accuracy: 0.9538
47/69 [===================>..........] - ETA: 7s - loss: 0.2028 - accuracy: 0.9535
48/69 [===================>..........] - ETA: 6s - loss: 0.2005 - accuracy: 0.9544
49/69 [====================>.........] - ETA: 6s - loss: 0.1967 - accuracy: 0.9554
50/69 [====================>.........] - ETA: 6s - loss: 0.1967 - accuracy: 0.9538
51/69 [=====================>........] - ETA: 5s - loss: 0.2001 - accuracy: 0.9522
52/69 [=====================>........] - ETA: 5s - loss: 0.1985 - accuracy: 0.9531
53/69 [======================>.......] - ETA: 5s - loss: 0.1973 - accuracy: 0.9528
54/69 [======================>.......] - ETA: 4s - loss: 0.1971 - accuracy: 0.9525
55/69 [======================>.......] - ETA: 4s - loss: 0.1961 - accuracy: 0.9534
56/69 [=======================>......] - ETA: 4s - loss: 0.1928 - accuracy: 0.9542
57/69 [=======================>......] - ETA: 3s - loss: 0.1970 - accuracy: 0.9529
58/69 [========================>.....] - ETA: 3s - loss: 0.1941 - accuracy: 0.9537
59/69 [========================>.....] - ETA: 3s - loss: 0.1927 - accuracy: 0.9534
60/69 [=========================>....] - ETA: 2s - loss: 0.1917 - accuracy: 0.9542
61/69 [=========================>....] - ETA: 2s - loss: 0.1896 - accuracy: 0.9549
62/69 [=========================>....] - ETA: 2s - loss: 0.1900 - accuracy: 0.9546
63/69 [==========================>...] - ETA: 1s - loss: 0.1873 - accuracy: 0.9554
64/69 [==========================>...] - ETA: 1s - loss: 0.1879 - accuracy: 0.9551
65/69 [===========================>..] - ETA: 1s - loss: 0.1863 - accuracy: 0.9548
66/69 [===========================>..] - ETA: 0s - loss: 0.1869 - accuracy: 0.9545
67/69 [============================>.] - ETA: 0s - loss: 0.1851 - accuracy: 0.9552
68/69 [============================>.] - ETA: 0s - loss: 0.1852 - accuracy: 0.9559
69/69 [==============================] - ETA: 0s - loss: 0.1840 - accuracy: 0.9563
69/69 [==============================] - 25s 358ms/step - loss: 0.1840 - accuracy: 0.9563 - val_loss: 0.3037 - val_accuracy: 0.9124
Epoch 7/10

 1/69 [..............................] - ETA: 39s - loss: 0.2772 - accuracy: 0.8750
 2/69 [..............................] - ETA: 22s - loss: 0.2436 - accuracy: 0.9062
 3/69 [>.............................] - ETA: 22s - loss: 0.2389 - accuracy: 0.9167
 4/69 [>.............................] - ETA: 21s - loss: 0.2027 - accuracy: 0.9375
 5/69 [=>............................] - ETA: 21s - loss: 0.1954 - accuracy: 0.9375
 6/69 [=>............................] - ETA: 21s - loss: 0.1807 - accuracy: 0.9375
 7/69 [==>...........................] - ETA: 20s - loss: 0.1744 - accuracy: 0.9464
 8/69 [==>...........................] - ETA: 20s - loss: 0.1646 - accuracy: 0.9531
 9/69 [==>...........................] - ETA: 19s - loss: 0.1918 - accuracy: 0.9444
10/69 [===>..........................] - ETA: 19s - loss: 0.1799 - accuracy: 0.9500
11/69 [===>..........................] - ETA: 19s - loss: 0.1731 - accuracy: 0.9489
12/69 [====>.........................] - ETA: 19s - loss: 0.1978 - accuracy: 0.9427
13/69 [====>.........................] - ETA: 18s - loss: 0.1889 - accuracy: 0.9471
14/69 [=====>........................] - ETA: 18s - loss: 0.1894 - accuracy: 0.9464
15/69 [=====>........................] - ETA: 18s - loss: 0.1969 - accuracy: 0.9417
16/69 [=====>........................] - ETA: 17s - loss: 0.1960 - accuracy: 0.9375
17/69 [======>.......................] - ETA: 17s - loss: 0.1957 - accuracy: 0.9375
18/69 [======>.......................] - ETA: 17s - loss: 0.1895 - accuracy: 0.9410
19/69 [=======>......................] - ETA: 16s - loss: 0.1829 - accuracy: 0.9441
20/69 [=======>......................] - ETA: 16s - loss: 0.1925 - accuracy: 0.9406
21/69 [========>.....................] - ETA: 15s - loss: 0.2136 - accuracy: 0.9315
22/69 [========>.....................] - ETA: 15s - loss: 0.2052 - accuracy: 0.9347
23/69 [=========>....................] - ETA: 15s - loss: 0.2052 - accuracy: 0.9348
24/69 [=========>....................] - ETA: 14s - loss: 0.2006 - accuracy: 0.9375
25/69 [=========>....................] - ETA: 14s - loss: 0.2115 - accuracy: 0.9350
26/69 [==========>...................] - ETA: 14s - loss: 0.2087 - accuracy: 0.9375
27/69 [==========>...................] - ETA: 14s - loss: 0.2082 - accuracy: 0.9375
28/69 [===========>..................] - ETA: 13s - loss: 0.2022 - accuracy: 0.9397
29/69 [===========>..................] - ETA: 13s - loss: 0.2036 - accuracy: 0.9375
30/69 [============>.................] - ETA: 13s - loss: 0.2064 - accuracy: 0.9375
31/69 [============>.................] - ETA: 12s - loss: 0.2041 - accuracy: 0.9395
32/69 [============>.................] - ETA: 12s - loss: 0.2003 - accuracy: 0.9414
33/69 [=============>................] - ETA: 12s - loss: 0.1956 - accuracy: 0.9432
34/69 [=============>................] - ETA: 11s - loss: 0.1920 - accuracy: 0.9449
35/69 [==============>...............] - ETA: 11s - loss: 0.1876 - accuracy: 0.9464
36/69 [==============>...............] - ETA: 11s - loss: 0.1862 - accuracy: 0.9462
37/69 [===============>..............] - ETA: 10s - loss: 0.1868 - accuracy: 0.9459
38/69 [===============>..............] - ETA: 10s - loss: 0.1831 - accuracy: 0.9474
39/69 [===============>..............] - ETA: 10s - loss: 0.1921 - accuracy: 0.9455
40/69 [================>.............] - ETA: 9s - loss: 0.1952 - accuracy: 0.9453 
41/69 [================>.............] - ETA: 9s - loss: 0.1911 - accuracy: 0.9466
42/69 [=================>............] - ETA: 9s - loss: 0.1888 - accuracy: 0.9479
43/69 [=================>............] - ETA: 8s - loss: 0.1865 - accuracy: 0.9491
44/69 [==================>...........] - ETA: 8s - loss: 0.1919 - accuracy: 0.9446
45/69 [==================>...........] - ETA: 8s - loss: 0.1935 - accuracy: 0.9431
46/69 [===================>..........] - ETA: 7s - loss: 0.1923 - accuracy: 0.9429
47/69 [===================>..........] - ETA: 7s - loss: 0.1902 - accuracy: 0.9441
48/69 [===================>..........] - ETA: 7s - loss: 0.1878 - accuracy: 0.9453
49/69 [====================>.........] - ETA: 6s - loss: 0.1868 - accuracy: 0.9464
50/69 [====================>.........] - ETA: 6s - loss: 0.1865 - accuracy: 0.9463
51/69 [=====================>........] - ETA: 6s - loss: 0.1870 - accuracy: 0.9461
52/69 [=====================>........] - ETA: 5s - loss: 0.1847 - accuracy: 0.9471
53/69 [======================>.......] - ETA: 5s - loss: 0.1848 - accuracy: 0.9469
54/69 [======================>.......] - ETA: 5s - loss: 0.1821 - accuracy: 0.9479
55/69 [======================>.......] - ETA: 4s - loss: 0.1802 - accuracy: 0.9489
56/69 [=======================>......] - ETA: 4s - loss: 0.1778 - accuracy: 0.9498
57/69 [=======================>......] - ETA: 4s - loss: 0.1800 - accuracy: 0.9485
58/69 [========================>.....] - ETA: 3s - loss: 0.1821 - accuracy: 0.9483
59/69 [========================>.....] - ETA: 3s - loss: 0.1835 - accuracy: 0.9481
60/69 [=========================>....] - ETA: 3s - loss: 0.1824 - accuracy: 0.9490
61/69 [=========================>....] - ETA: 2s - loss: 0.1802 - accuracy: 0.9498
62/69 [=========================>....] - ETA: 2s - loss: 0.1805 - accuracy: 0.9476
63/69 [==========================>...] - ETA: 2s - loss: 0.1808 - accuracy: 0.9474
64/69 [==========================>...] - ETA: 1s - loss: 0.1825 - accuracy: 0.9453
65/69 [===========================>..] - ETA: 1s - loss: 0.1821 - accuracy: 0.9452
66/69 [===========================>..] - ETA: 0s - loss: 0.1806 - accuracy: 0.9460
67/69 [============================>.] - ETA: 0s - loss: 0.1801 - accuracy: 0.9468
68/69 [============================>.] - ETA: 0s - loss: 0.1794 - accuracy: 0.9467
69/69 [==============================] - ETA: 0s - loss: 0.1829 - accuracy: 0.9454
69/69 [==============================] - 25s 365ms/step - loss: 0.1829 - accuracy: 0.9454 - val_loss: 0.2826 - val_accuracy: 0.8978
Epoch 8/10

 1/69 [..............................] - ETA: 30s - loss: 0.1808 - accuracy: 1.0000
 2/69 [..............................] - ETA: 19s - loss: 0.1694 - accuracy: 0.9688
 3/69 [>.............................] - ETA: 19s - loss: 0.1425 - accuracy: 0.9792
 4/69 [>.............................] - ETA: 19s - loss: 0.1261 - accuracy: 0.9844
 5/69 [=>............................] - ETA: 19s - loss: 0.1187 - accuracy: 0.9875
 6/69 [=>............................] - ETA: 18s - loss: 0.1505 - accuracy: 0.9792
 7/69 [==>...........................] - ETA: 18s - loss: 0.1631 - accuracy: 0.9732
 8/69 [==>...........................] - ETA: 18s - loss: 0.1538 - accuracy: 0.9766
 9/69 [==>...........................] - ETA: 17s - loss: 0.1652 - accuracy: 0.9722
10/69 [===>..........................] - ETA: 17s - loss: 0.1551 - accuracy: 0.9750
11/69 [===>..........................] - ETA: 17s - loss: 0.1424 - accuracy: 0.9773
12/69 [====>.........................] - ETA: 17s - loss: 0.1356 - accuracy: 0.9792
13/69 [====>.........................] - ETA: 17s - loss: 0.1325 - accuracy: 0.9808
14/69 [=====>........................] - ETA: 17s - loss: 0.1264 - accuracy: 0.9821
15/69 [=====>........................] - ETA: 16s - loss: 0.1512 - accuracy: 0.9750
16/69 [=====>........................] - ETA: 16s - loss: 0.1481 - accuracy: 0.9766
17/69 [======>.......................] - ETA: 16s - loss: 0.1444 - accuracy: 0.9779
18/69 [======>.......................] - ETA: 16s - loss: 0.1449 - accuracy: 0.9792
19/69 [=======>......................] - ETA: 15s - loss: 0.1433 - accuracy: 0.9803
20/69 [=======>......................] - ETA: 15s - loss: 0.1412 - accuracy: 0.9812
21/69 [========>.....................] - ETA: 15s - loss: 0.1468 - accuracy: 0.9792
22/69 [========>.....................] - ETA: 14s - loss: 0.1589 - accuracy: 0.9773
23/69 [=========>....................] - ETA: 14s - loss: 0.1544 - accuracy: 0.9783
24/69 [=========>....................] - ETA: 14s - loss: 0.1512 - accuracy: 0.9792
25/69 [=========>....................] - ETA: 14s - loss: 0.1596 - accuracy: 0.9750
26/69 [==========>...................] - ETA: 13s - loss: 0.1548 - accuracy: 0.9760
27/69 [==========>...................] - ETA: 13s - loss: 0.1580 - accuracy: 0.9722
28/69 [===========>..................] - ETA: 13s - loss: 0.1537 - accuracy: 0.9732
29/69 [===========>..................] - ETA: 13s - loss: 0.1545 - accuracy: 0.9720
30/69 [============>.................] - ETA: 12s - loss: 0.1525 - accuracy: 0.9729
31/69 [============>.................] - ETA: 12s - loss: 0.1496 - accuracy: 0.9738
32/69 [============>.................] - ETA: 12s - loss: 0.1489 - accuracy: 0.9727
33/69 [=============>................] - ETA: 11s - loss: 0.1473 - accuracy: 0.9735
34/69 [=============>................] - ETA: 11s - loss: 0.1456 - accuracy: 0.9724
35/69 [==============>...............] - ETA: 11s - loss: 0.1456 - accuracy: 0.9732
36/69 [==============>...............] - ETA: 10s - loss: 0.1426 - accuracy: 0.9740
37/69 [===============>..............] - ETA: 10s - loss: 0.1522 - accuracy: 0.9696
38/69 [===============>..............] - ETA: 10s - loss: 0.1489 - accuracy: 0.9704
39/69 [===============>..............] - ETA: 9s - loss: 0.1531 - accuracy: 0.9696 
40/69 [================>.............] - ETA: 9s - loss: 0.1525 - accuracy: 0.9688
41/69 [================>.............] - ETA: 9s - loss: 0.1533 - accuracy: 0.9695
42/69 [=================>............] - ETA: 8s - loss: 0.1515 - accuracy: 0.9702
43/69 [=================>............] - ETA: 8s - loss: 0.1491 - accuracy: 0.9709
44/69 [==================>...........] - ETA: 8s - loss: 0.1468 - accuracy: 0.9716
45/69 [==================>...........] - ETA: 7s - loss: 0.1477 - accuracy: 0.9708
46/69 [===================>..........] - ETA: 7s - loss: 0.1485 - accuracy: 0.9688
47/69 [===================>..........] - ETA: 7s - loss: 0.1530 - accuracy: 0.9668
48/69 [===================>..........] - ETA: 6s - loss: 0.1539 - accuracy: 0.9674
49/69 [====================>.........] - ETA: 6s - loss: 0.1542 - accuracy: 0.9668
50/69 [====================>.........] - ETA: 6s - loss: 0.1571 - accuracy: 0.9663
51/69 [=====================>........] - ETA: 5s - loss: 0.1572 - accuracy: 0.9657
52/69 [=====================>........] - ETA: 5s - loss: 0.1589 - accuracy: 0.9651
53/69 [======================>.......] - ETA: 5s - loss: 0.1570 - accuracy: 0.9658
54/69 [======================>.......] - ETA: 5s - loss: 0.1576 - accuracy: 0.9653
55/69 [======================>.......] - ETA: 4s - loss: 0.1582 - accuracy: 0.9648
56/69 [=======================>......] - ETA: 4s - loss: 0.1571 - accuracy: 0.9643
57/69 [=======================>......] - ETA: 4s - loss: 0.1596 - accuracy: 0.9638
58/69 [========================>.....] - ETA: 4s - loss: 0.1586 - accuracy: 0.9634
59/69 [========================>.....] - ETA: 3s - loss: 0.1580 - accuracy: 0.9640
60/69 [=========================>....] - ETA: 3s - loss: 0.1563 - accuracy: 0.9646
61/69 [=========================>....] - ETA: 2s - loss: 0.1583 - accuracy: 0.9631
62/69 [=========================>....] - ETA: 2s - loss: 0.1574 - accuracy: 0.9627
63/69 [==========================>...] - ETA: 2s - loss: 0.1570 - accuracy: 0.9623
64/69 [==========================>...] - ETA: 1s - loss: 0.1570 - accuracy: 0.9619
65/69 [===========================>..] - ETA: 1s - loss: 0.1559 - accuracy: 0.9625
66/69 [===========================>..] - ETA: 1s - loss: 0.1545 - accuracy: 0.9631
67/69 [============================>.] - ETA: 0s - loss: 0.1612 - accuracy: 0.9627
68/69 [============================>.] - ETA: 0s - loss: 0.1597 - accuracy: 0.9632
69/69 [==============================] - ETA: 0s - loss: 0.1585 - accuracy: 0.9636
69/69 [==============================] - 29s 424ms/step - loss: 0.1585 - accuracy: 0.9636 - val_loss: 0.2611 - val_accuracy: 0.9088
Epoch 9/10

 1/69 [..............................] - ETA: 48s - loss: 0.1008 - accuracy: 1.0000
 2/69 [..............................] - ETA: 28s - loss: 0.0937 - accuracy: 0.9688
 3/69 [>.............................] - ETA: 25s - loss: 0.1116 - accuracy: 0.9583
 4/69 [>.............................] - ETA: 24s - loss: 0.1277 - accuracy: 0.9531
 5/69 [=>............................] - ETA: 23s - loss: 0.1334 - accuracy: 0.9500
 6/69 [=>............................] - ETA: 22s - loss: 0.1379 - accuracy: 0.9479
 7/69 [==>...........................] - ETA: 22s - loss: 0.1485 - accuracy: 0.9375
 8/69 [==>...........................] - ETA: 21s - loss: 0.1508 - accuracy: 0.9375
 9/69 [==>...........................] - ETA: 21s - loss: 0.1595 - accuracy: 0.9306
10/69 [===>..........................] - ETA: 20s - loss: 0.1709 - accuracy: 0.9312
11/69 [===>..........................] - ETA: 19s - loss: 0.1754 - accuracy: 0.9318
12/69 [====>.........................] - ETA: 19s - loss: 0.2176 - accuracy: 0.9271
13/69 [====>.........................] - ETA: 19s - loss: 0.2044 - accuracy: 0.9327
14/69 [=====>........................] - ETA: 18s - loss: 0.2046 - accuracy: 0.9330
15/69 [=====>........................] - ETA: 18s - loss: 0.2138 - accuracy: 0.9292
16/69 [=====>........................] - ETA: 17s - loss: 0.2135 - accuracy: 0.9258
17/69 [======>.......................] - ETA: 17s - loss: 0.2182 - accuracy: 0.9228
18/69 [======>.......................] - ETA: 17s - loss: 0.2223 - accuracy: 0.9201
19/69 [=======>......................] - ETA: 17s - loss: 0.2144 - accuracy: 0.9211
20/69 [=======>......................] - ETA: 17s - loss: 0.2222 - accuracy: 0.9187
21/69 [========>.....................] - ETA: 17s - loss: 0.2259 - accuracy: 0.9107
22/69 [========>.....................] - ETA: 16s - loss: 0.2185 - accuracy: 0.9148
23/69 [=========>....................] - ETA: 16s - loss: 0.2120 - accuracy: 0.9185
24/69 [=========>....................] - ETA: 16s - loss: 0.2083 - accuracy: 0.9193
25/69 [=========>....................] - ETA: 16s - loss: 0.2028 - accuracy: 0.9225
26/69 [==========>...................] - ETA: 15s - loss: 0.2009 - accuracy: 0.9231
27/69 [==========>...................] - ETA: 15s - loss: 0.2022 - accuracy: 0.9213
28/69 [===========>..................] - ETA: 15s - loss: 0.1971 - accuracy: 0.9241
29/69 [===========>..................] - ETA: 14s - loss: 0.1923 - accuracy: 0.9267
30/69 [============>.................] - ETA: 14s - loss: 0.1924 - accuracy: 0.9250
31/69 [============>.................] - ETA: 14s - loss: 0.1889 - accuracy: 0.9254
32/69 [============>.................] - ETA: 13s - loss: 0.1865 - accuracy: 0.9258
33/69 [=============>................] - ETA: 13s - loss: 0.1835 - accuracy: 0.9280
34/69 [=============>................] - ETA: 13s - loss: 0.1792 - accuracy: 0.9301
35/69 [==============>...............] - ETA: 12s - loss: 0.1856 - accuracy: 0.9268
36/69 [==============>...............] - ETA: 12s - loss: 0.1822 - accuracy: 0.9288
37/69 [===============>..............] - ETA: 12s - loss: 0.1846 - accuracy: 0.9274
38/69 [===============>..............] - ETA: 11s - loss: 0.1807 - accuracy: 0.9293
39/69 [===============>..............] - ETA: 11s - loss: 0.1810 - accuracy: 0.9295
40/69 [================>.............] - ETA: 10s - loss: 0.1837 - accuracy: 0.9297
41/69 [================>.............] - ETA: 10s - loss: 0.1863 - accuracy: 0.9299
42/69 [=================>............] - ETA: 10s - loss: 0.1836 - accuracy: 0.9315
43/69 [=================>............] - ETA: 9s - loss: 0.1823 - accuracy: 0.9317 
44/69 [==================>...........] - ETA: 9s - loss: 0.1795 - accuracy: 0.9332
45/69 [==================>...........] - ETA: 8s - loss: 0.1777 - accuracy: 0.9347
46/69 [===================>..........] - ETA: 8s - loss: 0.1777 - accuracy: 0.9348
47/69 [===================>..........] - ETA: 8s - loss: 0.1757 - accuracy: 0.9362
48/69 [===================>..........] - ETA: 7s - loss: 0.1775 - accuracy: 0.9362
49/69 [====================>.........] - ETA: 7s - loss: 0.1828 - accuracy: 0.9349
50/69 [====================>.........] - ETA: 7s - loss: 0.1877 - accuracy: 0.9337
51/69 [=====================>........] - ETA: 6s - loss: 0.1876 - accuracy: 0.9350
52/69 [=====================>........] - ETA: 6s - loss: 0.1886 - accuracy: 0.9351
53/69 [======================>.......] - ETA: 5s - loss: 0.1863 - accuracy: 0.9363
54/69 [======================>.......] - ETA: 5s - loss: 0.1838 - accuracy: 0.9375
55/69 [======================>.......] - ETA: 5s - loss: 0.1836 - accuracy: 0.9386
56/69 [=======================>......] - ETA: 4s - loss: 0.1832 - accuracy: 0.9386
57/69 [=======================>......] - ETA: 4s - loss: 0.1804 - accuracy: 0.9397
58/69 [========================>.....] - ETA: 4s - loss: 0.1779 - accuracy: 0.9407
59/69 [========================>.....] - ETA: 3s - loss: 0.1781 - accuracy: 0.9407
60/69 [=========================>....] - ETA: 3s - loss: 0.1777 - accuracy: 0.9417
61/69 [=========================>....] - ETA: 2s - loss: 0.1763 - accuracy: 0.9426
62/69 [=========================>....] - ETA: 2s - loss: 0.1747 - accuracy: 0.9435
63/69 [==========================>...] - ETA: 2s - loss: 0.1750 - accuracy: 0.9435
64/69 [==========================>...] - ETA: 1s - loss: 0.1739 - accuracy: 0.9443
65/69 [===========================>..] - ETA: 1s - loss: 0.1723 - accuracy: 0.9452
66/69 [===========================>..] - ETA: 1s - loss: 0.1736 - accuracy: 0.9451
67/69 [============================>.] - ETA: 0s - loss: 0.1723 - accuracy: 0.9459
68/69 [============================>.] - ETA: 0s - loss: 0.1729 - accuracy: 0.9458
69/69 [==============================] - ETA: 0s - loss: 0.1732 - accuracy: 0.9454
69/69 [==============================] - 28s 403ms/step - loss: 0.1732 - accuracy: 0.9454 - val_loss: 0.2659 - val_accuracy: 0.9161
Epoch 10/10

 1/69 [..............................] - ETA: 37s - loss: 0.0700 - accuracy: 1.0000
 2/69 [..............................] - ETA: 22s - loss: 0.1655 - accuracy: 0.9375
 3/69 [>.............................] - ETA: 21s - loss: 0.1491 - accuracy: 0.9375
 4/69 [>.............................] - ETA: 21s - loss: 0.1579 - accuracy: 0.9375
 5/69 [=>............................] - ETA: 20s - loss: 0.1483 - accuracy: 0.9375
 6/69 [=>............................] - ETA: 20s - loss: 0.1269 - accuracy: 0.9479
 7/69 [==>...........................] - ETA: 20s - loss: 0.1191 - accuracy: 0.9554
 8/69 [==>...........................] - ETA: 20s - loss: 0.1130 - accuracy: 0.9609
 9/69 [==>...........................] - ETA: 20s - loss: 0.1162 - accuracy: 0.9583
10/69 [===>..........................] - ETA: 19s - loss: 0.1168 - accuracy: 0.9563
11/69 [===>..........................] - ETA: 19s - loss: 0.1477 - accuracy: 0.9545
12/69 [====>.........................] - ETA: 19s - loss: 0.1460 - accuracy: 0.9531
13/69 [====>.........................] - ETA: 18s - loss: 0.1451 - accuracy: 0.9567
14/69 [=====>........................] - ETA: 18s - loss: 0.1414 - accuracy: 0.9598
15/69 [=====>........................] - ETA: 18s - loss: 0.1369 - accuracy: 0.9625
16/69 [=====>........................] - ETA: 17s - loss: 0.1347 - accuracy: 0.9609
17/69 [======>.......................] - ETA: 17s - loss: 0.1495 - accuracy: 0.9596
18/69 [======>.......................] - ETA: 17s - loss: 0.1501 - accuracy: 0.9583
19/69 [=======>......................] - ETA: 17s - loss: 0.1578 - accuracy: 0.9572
20/69 [=======>......................] - ETA: 16s - loss: 0.1515 - accuracy: 0.9594
21/69 [========>.....................] - ETA: 16s - loss: 0.1542 - accuracy: 0.9583
22/69 [========>.....................] - ETA: 16s - loss: 0.1555 - accuracy: 0.9574
23/69 [=========>....................] - ETA: 15s - loss: 0.1547 - accuracy: 0.9592
24/69 [=========>....................] - ETA: 15s - loss: 0.1504 - accuracy: 0.9609
25/69 [=========>....................] - ETA: 15s - loss: 0.1476 - accuracy: 0.9625
26/69 [==========>...................] - ETA: 14s - loss: 0.1435 - accuracy: 0.9639
27/69 [==========>...................] - ETA: 14s - loss: 0.1585 - accuracy: 0.9606
28/69 [===========>..................] - ETA: 14s - loss: 0.1543 - accuracy: 0.9621
29/69 [===========>..................] - ETA: 13s - loss: 0.1542 - accuracy: 0.9612
30/69 [============>.................] - ETA: 13s - loss: 0.1567 - accuracy: 0.9604
31/69 [============>.................] - ETA: 13s - loss: 0.1532 - accuracy: 0.9617
32/69 [============>.................] - ETA: 12s - loss: 0.1550 - accuracy: 0.9609
33/69 [=============>................] - ETA: 12s - loss: 0.1573 - accuracy: 0.9583
34/69 [=============>................] - ETA: 12s - loss: 0.1542 - accuracy: 0.9596
35/69 [==============>...............] - ETA: 11s - loss: 0.1515 - accuracy: 0.9607
36/69 [==============>...............] - ETA: 11s - loss: 0.1499 - accuracy: 0.9601
37/69 [===============>..............] - ETA: 11s - loss: 0.1468 - accuracy: 0.9611
38/69 [===============>..............] - ETA: 10s - loss: 0.1440 - accuracy: 0.9622
39/69 [===============>..............] - ETA: 10s - loss: 0.1418 - accuracy: 0.9631
40/69 [================>.............] - ETA: 10s - loss: 0.1434 - accuracy: 0.9625
41/69 [================>.............] - ETA: 9s - loss: 0.1481 - accuracy: 0.9604 
42/69 [=================>............] - ETA: 9s - loss: 0.1459 - accuracy: 0.9613
43/69 [=================>............] - ETA: 9s - loss: 0.1465 - accuracy: 0.9622
44/69 [==================>...........] - ETA: 8s - loss: 0.1458 - accuracy: 0.9616
45/69 [==================>...........] - ETA: 8s - loss: 0.1461 - accuracy: 0.9611
46/69 [===================>..........] - ETA: 8s - loss: 0.1436 - accuracy: 0.9620
47/69 [===================>..........] - ETA: 7s - loss: 0.1435 - accuracy: 0.9628
48/69 [===================>..........] - ETA: 7s - loss: 0.1412 - accuracy: 0.9635
49/69 [====================>.........] - ETA: 6s - loss: 0.1391 - accuracy: 0.9643
50/69 [====================>.........] - ETA: 6s - loss: 0.1366 - accuracy: 0.9650
51/69 [=====================>........] - ETA: 6s - loss: 0.1351 - accuracy: 0.9657
52/69 [=====================>........] - ETA: 5s - loss: 0.1338 - accuracy: 0.9663
53/69 [======================>.......] - ETA: 5s - loss: 0.1326 - accuracy: 0.9670
54/69 [======================>.......] - ETA: 5s - loss: 0.1329 - accuracy: 0.9664
55/69 [======================>.......] - ETA: 4s - loss: 0.1340 - accuracy: 0.9659
56/69 [=======================>......] - ETA: 4s - loss: 0.1367 - accuracy: 0.9643
57/69 [=======================>......] - ETA: 4s - loss: 0.1363 - accuracy: 0.9638
58/69 [========================>.....] - ETA: 3s - loss: 0.1344 - accuracy: 0.9644
59/69 [========================>.....] - ETA: 3s - loss: 0.1359 - accuracy: 0.9629
60/69 [=========================>....] - ETA: 3s - loss: 0.1349 - accuracy: 0.9635
61/69 [=========================>....] - ETA: 2s - loss: 0.1343 - accuracy: 0.9641
62/69 [=========================>....] - ETA: 2s - loss: 0.1387 - accuracy: 0.9637
63/69 [==========================>...] - ETA: 2s - loss: 0.1372 - accuracy: 0.9643
64/69 [==========================>...] - ETA: 1s - loss: 0.1356 - accuracy: 0.9648
65/69 [===========================>..] - ETA: 1s - loss: 0.1344 - accuracy: 0.9654
66/69 [===========================>..] - ETA: 1s - loss: 0.1366 - accuracy: 0.9640
67/69 [============================>.] - ETA: 0s - loss: 0.1359 - accuracy: 0.9646
68/69 [============================>.] - ETA: 0s - loss: 0.1415 - accuracy: 0.9632
69/69 [==============================] - ETA: 0s - loss: 0.1407 - accuracy: 0.9636
69/69 [==============================] - 27s 387ms/step - loss: 0.1407 - accuracy: 0.9636 - val_loss: 0.2647 - val_accuracy: 0.9015

 1/18 [>.............................] - ETA: 6s - loss: 0.7775 - accuracy: 0.7500
 2/18 [==>...........................] - ETA: 2s - loss: 0.4374 - accuracy: 0.8750
 3/18 [====>.........................] - ETA: 2s - loss: 0.3834 - accuracy: 0.8542
 4/18 [=====>........................] - ETA: 2s - loss: 0.3168 - accuracy: 0.8906
 5/18 [=======>......................] - ETA: 1s - loss: 0.2707 - accuracy: 0.9125
 6/18 [=========>....................] - ETA: 1s - loss: 0.2721 - accuracy: 0.9062
 7/18 [==========>...................] - ETA: 1s - loss: 0.2910 - accuracy: 0.9018
 8/18 [============>.................] - ETA: 1s - loss: 0.2644 - accuracy: 0.9141
 9/18 [==============>...............] - ETA: 1s - loss: 0.2778 - accuracy: 0.9028
10/18 [===============>..............] - ETA: 1s - loss: 0.2747 - accuracy: 0.9000
11/18 [=================>............] - ETA: 0s - loss: 0.2651 - accuracy: 0.8977
12/18 [===================>..........] - ETA: 0s - loss: 0.2588 - accuracy: 0.9062
13/18 [====================>.........] - ETA: 0s - loss: 0.2750 - accuracy: 0.8990
14/18 [======================>.......] - ETA: 0s - loss: 0.2815 - accuracy: 0.8973
15/18 [========================>.....] - ETA: 0s - loss: 0.2683 - accuracy: 0.9042
16/18 [=========================>....] - ETA: 0s - loss: 0.2673 - accuracy: 0.9023
17/18 [===========================>..] - ETA: 0s - loss: 0.2594 - accuracy: 0.9044
18/18 [==============================] - 2s 125ms/step - loss: 0.2647 - accuracy: 0.9015
2026-08-22 02:30:39.593661: W tensorflow/compiler/mlir/lite/python/tf_tfl_flatbuffer_helpers.cc:378] Ignored output_format.
2026-08-22 02:30:39.594973: W tensorflow/compiler/mlir/lite/python/tf_tfl_flatbuffer_helpers.cc:381] Ignored drop_control_dependency.
2026-08-22 02:30:39.608498: I tensorflow/cc/saved_model/reader.cc:83] Reading SavedModel from: C:\Users\bonez\AppData\Local\Temp\tmp5p3e4da8
2026-08-22 02:30:39.635323: I tensorflow/cc/saved_model/reader.cc:51] Reading meta graph with tags { serve }
2026-08-22 02:30:39.635369: I tensorflow/cc/saved_model/reader.cc:146] Reading SavedModel debug info (if present) from: C:\Users\bonez\AppData\Local\Temp\tmp5p3e4da8
2026-08-22 02:30:39.711881: I tensorflow/compiler/mlir/mlir_graph_optimization_pass.cc:388] MLIR V1 optimization pass is not enabled
2026-08-22 02:30:39.732934: I tensorflow/cc/saved_model/loader.cc:233] Restoring SavedModel bundle.
2026-08-22 02:30:40.717135: I tensorflow/cc/saved_model/loader.cc:217] Running initialization op on SavedModel bundle at path: C:\Users\bonez\AppData\Local\Temp\tmp5p3e4da8
2026-08-22 02:30:40.973296: I tensorflow/cc/saved_model/loader.cc:316] SavedModel load for tags { serve }; Status: success: OK. Took 1364067 microseconds.
2026-08-22 02:30:41.268640: I tensorflow/compiler/mlir/tensorflow/utils/dump_mlir_util.cc:269] disabling MLIR crash reproducer, set env var `MLIR_CRASH_REPRODUCER_DIRECTORY` to enable.
Summary on the non-converted ops:
---------------------------------
 * Accepted dialects: tfl, builtin, func
 * Non-Converted Ops: 59, Total Ops 180, % non-converted = 32.78 %
 * 59 ARITH ops

- arith.constant:   59 occurrences  (f32: 57, i32: 2)



  (f32: 10)
  (f32: 35)
  (f32: 17)
  (f32: 1)
  (f32: 1)
  (f32: 4)
  (uq_8: 49)
  (f32: 1)

[train] Final validation accuracy: 90.1%

[train] Converting to TFLite...

[train] Done! Model written to C:\Users\bonez\Music\farmland_detect\model\pest_model.tflite
Restart the app (python main.py) — it will auto-detect the model and stop using mock predictions.
